"지점번호",지점명,일시,평균기온(℃),최고기온(℃),"최고기온시각",최저기온(℃),최저기온시각일교차,
"119",대전,1964-07-01,24.3,25.4,10:02,23,0:01,2.4
"119",대전,1964-07-02,23.9,25.2,5:43,23.2,22:00,2
"119",대전,1964-07-03,23.9,26.2,17:56,23.6,3:41,2.6
"119",대전,1964-07-04,26.1,30.6,15:00,23.7,0:00,6.9
"119",대전,1964-07-05,24,25.4,10:03,22.4,10:50,3
"119",대전,1964-07-06,25.4,28.2,12:40,24,24:00:00,4.2
"119",대전,1964-07-07,24.6,26.4,12:01,23.4,4:24,3
"119",대전,1964-07-08,25.4,28.4,16:13,23.8,24:00:00,4.6
"119",대전,1964-07-09,22.5,24.3,17:59,21.6,21:54,2.7
"119",대전,1964-07-10,24.7,29,16:37,21.2,3:00,7.8
"119",대전,1964-07-11,25.1,30.3,15:08,22.7,24:00:00,7.6
"119",대전,1964-07-12,25.2,29.2,16:29,22.4,23:47,6.8
"119",대전,1964-07-13,25.1,27,18:05,22.2,2:53,4.8
"119",대전,1964-07-14,23.5,26.4,12:05,21.3,24:00:00,5.1
"119",대전,1964-07-15,23.4,27.5,15:37,20.6,2:45,6.9
"119",대전,1964-07-16,23.5,27.2,17:03,22.2,5:40,5
"119",대전,1964-07-17,23,24.8,17:15,22,8:34,2.8
"119",대전,1964-07-18,24.3,28,15:20,21.7,24:00:00,6.3
"119",대전,1964-07-19,23.4,27.9,17:59,20,4:20,7.9
"119",대전,1964-07-20,23.1,27.9,16:51,20,5:57,7.9
"119",대전,1964-07-21,22.9,28.2,16:07,19.2,5:48,9
"119",대전,1964-07-22,24.5,29.2,15:40,20.4,5:09,8.8
"119",대전,1964-07-23,24.1,25.3,2:49,22.7,22:00,2.6
"119",대전,1964-07-24,24.7,28.8,16:28,21.8,24:00:00,7
"119",대전,1964-07-25,25.2,30.8,16:01,19.5,6:18,11.3
"119",대전,1964-07-26,26.4,31.4,14:23,23.4,5:37,8
"119",대전,1964-07-27,27.3,32,15:23,23.8,5:59,8.2
"119",대전,1964-07-28,27,33.7,15:50,23.2,5:50,10.5
"119",대전,1964-07-29,26,29.4,13:28,23.9,6:00,5.5
"119",대전,1964-07-30,24.3,28.5,16:32,23.6,7:01,4.9
"119",대전,1964-07-31,26.6,31,16:01,23.6,5:35,7.4
"119",대전,1965-07-01,24.6,30.2,14:37,18.6,24:00:00,11.6
"119",대전,1965-07-02,26.4,33.3,15:40,18.1,0:50,15.2
"119",대전,1965-07-03,25.4,31.4,11:57,19.2,5:31,12.2
"119",대전,1965-07-04,21.4,24.6,14:32,20.1,7:45,4.5
"119",대전,1965-07-05,22.7,27.8,16:46,20,24:00:00,7.8
"119",대전,1965-07-06,23.2,27.7,17:33,18.3,5:03,9.4
"119",대전,1965-07-07,23.3,26.8,12:50,20.8,5:00,6
"119",대전,1965-07-08,23.9,28.8,15:46,19,4:30,9.8
"119",대전,1965-07-09,23.7,25,14:00,21.7,24:00:00,3.3
"119",대전,1965-07-10,22.6,24.8,15:25,20.7,24:00:00,4.1
"119",대전,1965-07-11,20.8,23.4,12:30,19.5,22:32,3.9
"119",대전,1965-07-12,22.6,27.1,14:15,19.4,5:45,7.7
"119",대전,1965-07-13,22.7,27.6,12:47,20.2,2:15,7.4
"119",대전,1965-07-14,25,26.5,15:00,22,1:00,4.5
"119",대전,1965-07-15,25.7,28.2,14:25,24.1,6:05,4.1
"119",대전,1965-07-16,22.8,25.4,0:00,19.2,10:20,6.2
"119",대전,1965-07-17,23.6,25.9,14:50,21.4,5:05,4.5
"119",대전,1965-07-18,26,31,17:46,22.7,1:52,8.3
"119",대전,1965-07-19,25.6,29.2,17:40,23.9,5:42,5.3
"119",대전,1965-07-20,23.7,25.3,0:00,22.7,8:40,2.6
"119",대전,1965-07-21,23.3,24.9,16:51,21.8,7:00,3.1
"119",대전,1965-07-22,22.3,24.9,18:02,19.7,4:35,5.2
"119",대전,1965-07-23,23.6,27.3,16:08,20.4,1:45,6.9
"119",대전,1965-07-24,23.5,27,16:58,21.2,4:47,5.8
"119",대전,1965-07-25,25.1,30.4,17:33,20.6,2:02,9.8
"119",대전,1965-07-26,25.6,29.8,14:32,23.1,2:48,6.7
"119",대전,1965-07-27,26.4,29.9,14:04,23.8,0:00,6.1
"119",대전,1965-07-28,27.4,31.1,14:57,24,1:00,7.1
"119",대전,1965-07-29,25.6,26.9,1:45,22.7,24:00:00,4.2
"119",대전,1965-07-30,24.4,26.4,14:45,22.2,0:38,4.2
"119",대전,1965-07-31,25.7,29.4,15:22,23.2,23:45,6.2
"119",대전,1966-07-01,18.3,20,14:58,17.1,4:19,2.9
"119",대전,1966-07-02,20.2,25.2,,16.5,,8.7
"119",대전,1966-07-03,20.3,26.8,16:16,13.6,5:11,13.2
"119",대전,1966-07-04,21.4,26.6,14:49,16.7,5:15,9.9
"119",대전,1966-07-05,22.7,29.4,15:20,15.9,5:40,13.5
"119",대전,1966-07-06,23.7,28,14:55,19.4,5:30,8.6
"119",대전,1966-07-07,20.9,22.3,0:00,19.8,11:07,2.5
"119",대전,1966-07-08,22.4,26.6,16:36,19.6,1:45,7
"119",대전,1966-07-09,23.4,27.4,16:24,20.8,3:40,6.6
"119",대전,1966-07-10,24.8,28.8,16:30,21.8,5:56,7
"119",대전,1966-07-11,22.6,26.4,13:02,19.6,5:42,6.8
"119",대전,1966-07-12,22.7,27.5,17:50,19.9,4:40,7.6
"119",대전,1966-07-13,24.2,29.5,,18.8,,10.7
"119",대전,1966-07-14,24.6,27.6,11:40,22.7,2:30,4.9
"119",대전,1966-07-15,24.5,25.2,19:30,23.5,1:30,1.7
"119",대전,1966-07-16,25,25.8,16:20,24.1,3:12,1.7
"119",대전,1966-07-17,24.5,26.2,16:18,23.5,6:00,2.7
"119",대전,1966-07-18,26.1,28.8,,24.1,,4.7
"119",대전,1966-07-19,25.3,26,19:29,24.1,12:30,1.9
"119",대전,1966-07-20,26.6,29.6,14:10,24.7,4:05,4.9
"119",대전,1966-07-21,23.3,26.4,2:30,20,24:00:00,6.4
"119",대전,1966-07-22,22.6,26.6,15:02,19.6,3:32,7
"119",대전,1966-07-23,22.6,24.8,12:54,21.2,6:00,3.6
"119",대전,1966-07-24,24.6,26,13:20,23.4,24:00:00,2.6
"119",대전,1966-07-25,25.5,26.8,13:46,23.3,0:10,3.5
"119",대전,1966-07-26,26.3,29,12:10,24.4,0:00,4.6
"119",대전,1966-07-27,27.4,31.8,16:56,22.9,5:40,8.9
"119",대전,1966-07-28,27.1,30.6,,24.9,,5.7
"119",대전,1966-07-29,27.5,31.9,14:33,24.1,4:00,7.8
"119",대전,1966-07-30,27.3,29.6,14:54,24.9,5:40,4.7
"119",대전,1966-07-31,27,29.8,14:31,25.2,5:40,4.6
"119",대전,1967-07-01,21,22.2,12:29,18.8,23:22,3.4
"119",대전,1967-07-02,21.1,22.7,16:30,18.8,0:30,3.9
"119",대전,1967-07-03,21.6,24.3,12:02,18.7,24:00:00,5.6
"119",대전,1967-07-04,21.9,25.2,17:30,18.7,0:00,6.5
"119",대전,1967-07-05,22.7,26.3,14:56,18.8,3:12,7.5
"119",대전,1967-07-06,21.4,25.8,13:55,17.4,4:55,8.4
"119",대전,1967-07-07,22.6,26.6,13:57,19,2:56,7.6
"119",대전,1967-07-08,23.5,29,15:27,19.2,5:30,9.8
"119",대전,1967-07-09,24.4,30.9,15:02,18.9,5:45,12
"119",대전,1967-07-10,24.8,30.4,14:56,19.5,5:35,10.9
"119",대전,1967-07-11,23.6,27.8,13:43,18.6,4:46,9.2
"119",대전,1967-07-12,23.9,25.7,19:00,22,5:00,3.7
"119",대전,1967-07-13,26.1,29.2,13:36,24.4,2:50,4.8
"119",대전,1967-07-14,26,29.7,17:26,23.7,7:07,6
"119",대전,1967-07-15,26.4,30.3,15:31,23.6,4:35,6.7
"119",대전,1967-07-16,26.8,30.6,14:44,24.2,2:00,6.4
"119",대전,1967-07-17,27.7,32.4,15:07,24.2,6:05,8.2
"119",대전,1967-07-18,29.2,34.2,16:20,25,5:37,9.2
"119",대전,1967-07-19,28.1,30,13:28,25.6,6:16,4.4
"119",대전,1967-07-20,25.8,28.9,18:25,23.6,11:30,5.3
"119",대전,1967-07-21,26.5,32.2,16:53,23.6,5:10,8.6
"119",대전,1967-07-22,26.6,30.3,16:00,24.5,24:00:00,5.8
"119",대전,1967-07-23,26.1,30.2,13:32,24,4:30,6.2
"119",대전,1967-07-24,28.5,34.2,16:43,22.8,5:50,11.4
"119",대전,1967-07-25,28.7,33.4,17:11,23.4,6:45,10
"119",대전,1967-07-26,29.2,34,15:35,23.6,5:50,10.4
"119",대전,1967-07-27,29.4,32.4,15:58,26.2,4:17,6.2
"119",대전,1967-07-28,28.9,32.7,16:10,26.4,6:30,6.3
"119",대전,1967-07-29,27.6,32.4,14:32,24,5:22,8.4
"119",대전,1967-07-30,27.6,31.8,14:27,24.2,24:00:00,7.6
"119",대전,1967-07-31,27,31.6,15:26,21.8,5:57,9.8
"119",대전,1968-07-01,25.9,30.3,13:47,20.3,5:31,10
"119",대전,1968-07-02,25.3,31.2,16:24,20.2,5:33,11
"119",대전,1968-07-03,21.4,25,10:40,19.4,6:25,5.6
"119",대전,1968-07-04,20.2,21.6,19:05,18.6,7:06,3
"119",대전,1968-07-05,21.3,24.1,14:54,18.5,5:04,5.6
"119",대전,1968-07-06,22.8,27.8,14:50,19,3:55,8.8
"119",대전,1968-07-07,22,25.3,10:04,20.2,6:00,5.1
"119",대전,1968-07-08,22.7,27.1,14:47,19.8,5:40,7.3
"119",대전,1968-07-09,23.1,27.8,14:55,20,1:16,7.8
"119",대전,1968-07-10,23,29.4,15:07,18.6,2:52,10.8
"119",대전,1968-07-11,24.1,30.4,14:57,19.2,5:44,11.2
"119",대전,1968-07-12,23.9,29.8,14:56,18.2,5:21,11.6
"119",대전,1968-07-13,25.1,32.2,17:00,20.5,6:08,11.7
"119",대전,1968-07-14,23.8,27,10:00,21.6,5:39,5.4
"119",대전,1968-07-15,23.5,28.2,14:43,19.5,3:28,8.7
"119",대전,1968-07-16,24,26.3,16:55,22.2,6:33,4.1
"119",대전,1968-07-17,24.6,27.6,13:45,21.4,6:33,6.2
"119",대전,1968-07-18,24.3,25.6,17:57,22.2,13:00,3.4
"119",대전,1968-07-19,24.7,27.6,16:45,23.4,6:34,4.2
"119",대전,1968-07-20,24.2,25.4,18:56,22.2,12:45,3.2
"119",대전,1968-07-21,25.9,30.3,17:22,21.9,5:37,8.4
"119",대전,1968-07-22,26,29.9,14:57,23,0:30,6.9
"119",대전,1968-07-23,25.8,29.5,14:17,23,24:00:00,6.5
"119",대전,1968-07-24,24.4,29,17:04,20.4,5:48,8.6
"119",대전,1968-07-25,26.1,31,14:06,21.9,2:31,9.1
"119",대전,1968-07-26,25.6,29.8,15:56,22.2,5:47,7.6
"119",대전,1968-07-27,26.5,33.5,16:43,21.1,4:48,12.4
"119",대전,1968-07-28,27.3,32,15:58,22.7,6:05,9.3
"119",대전,1968-07-29,26.8,30.4,13:52,21.4,5:41,9
"119",대전,1968-07-30,26.3,29.6,15:20,22.4,6:20,7.2
"119",대전,1968-07-31,26,29.2,18:09,23.4,6:11,5.8
"119",대전,1969-07-01,22.7,27.3,15:04,17.5,24:00:00,9.8
"119",대전,1969-07-02,20.7,27.2,15:53,14.8,2:29,12.4
"119",대전,1969-07-03,22.8,31.2,15:20,13.4,5:43,17.8
"119",대전,1969-07-04,23.8,29,16:47,19.4,5:24,9.6
"119",대전,1969-07-05,21.7,24.3,0:00,18.6,8:53,5.7
"119",대전,1969-07-06,23.8,29.1,16:34,16.4,5:23,12.7
"119",대전,1969-07-07,21.6,24.4,13:00,18.4,24:00:00,6
"119",대전,1969-07-08,17.7,19.8,12:00,15.9,5:25,3.9
"119",대전,1969-07-09,21.4,28.4,17:00,13.2,5:20,15.2
"119",대전,1969-07-10,19.6,22.4,13:04,16,2:57,6.4
"119",대전,1969-07-11,19.5,23.8,16:00,16.2,5:42,7.6
"119",대전,1969-07-12,21.4,25.6,15:27,16.4,4:55,9.2
"119",대전,1969-07-13,21.6,26.2,13:55,18,6:58,8.2
"119",대전,1969-07-14,24.1,28.2,15:30,19.6,6:20,8.6
"119",대전,1969-07-15,23.4,25.4,16:10,21.6,5:42,3.8
"119",대전,1969-07-16,23.1,24.9,15:00,21.6,0:00,3.3
"119",대전,1969-07-17,26.2,30.4,13:10,22.2,24:00:00,8.2
"119",대전,1969-07-18,23.8,26.1,12:00,21.4,0:00,4.7
"119",대전,1969-07-19,24.3,27.3,17:00,22.3,6:55,5
"119",대전,1969-07-20,24.5,27.1,12:05,22.7,6:00,4.4
"119",대전,1969-07-21,24.9,28.6,12:26,22.2,5:43,6.4
"119",대전,1969-07-22,25.3,29.2,14:30,22.6,4:52,6.6
"119",대전,1969-07-23,26.2,30.6,14:40,22.4,5:30,8.2
"119",대전,1969-07-24,26.6,30.5,14:30,23.7,5:25,6.8
"119",대전,1969-07-25,26.5,29.2,12:00,24.6,1:53,4.6
"119",대전,1969-07-26,26.3,29,,24.1,,4.9
"119",대전,1969-07-27,27,31,,24,,7
"119",대전,1969-07-28,26.8,29.9,,23.7,,6.2
"119",대전,1969-07-29,26.7,29.2,,24,,5.2
"119",대전,1969-07-30,25.7,28.9,,21.8,,7.1
"119",대전,1969-07-31,24.7,30,,19.8,,10.2
"119",대전,1970-07-01,22.1,25.4,17:40,18.9,6:30,6.5
"119",대전,1970-07-02,23.1,28.3,15:40,18.8,3:30,9.5
"119",대전,1970-07-03,23,26.4,12:00,20.5,21:00,5.9
"119",대전,1970-07-04,21.7,22.8,15:00,20.2,24:00:00,2.6
"119",대전,1970-07-05,20,22.1,13:50,18,24:00:00,4.1
"119",대전,1970-07-06,17.2,19.4,0:00,14.8,20:00,4.6
"119",대전,1970-07-07,20.4,26.2,14:20,15.7,3:40,10.5
"119",대전,1970-07-08,20.2,25.4,15:30,15.7,4:40,9.7
"119",대전,1970-07-09,18.3,21.3,16:00,15.3,5:30,6
"119",대전,1970-07-10,20.7,25.8,16:30,17,7:30,8.8
"119",대전,1970-07-11,22.5,28.4,13:15,18.8,5:00,9.6
"119",대전,1970-07-12,22.6,27,15:00,19.3,5:35,7.7
"119",대전,1970-07-13,23.3,28.4,14:50,19.2,4:00,9.2
"119",대전,1970-07-14,23,28.3,13:25,18.5,6:00,9.8
"119",대전,1970-07-15,23.7,28.5,17:20,19.2,6:00,9.3
"119",대전,1970-07-16,21.9,24.2,23:30,20,17:30,4.2
"119",대전,1970-07-17,23.3,24.8,14:50,20.2,24:00:00,4.6
"119",대전,1970-07-18,22.1,23.6,14:30,20.8,17:50,2.8
"119",대전,1970-07-19,24.4,28.9,17:20,20.6,0:00,8.3
"119",대전,1970-07-20,23.3,26.6,13:20,21.6,24:00:00,5
"119",대전,1970-07-21,26.8,31.8,15:05,20.7,0:40,11.1
"119",대전,1970-07-22,24.9,28.4,12:10,22.6,14:50,5.8
"119",대전,1970-07-23,26.3,32.2,16:35,22.2,1:35,10
"119",대전,1970-07-24,25.5,29.4,14:50,22.7,1:25,6.7
"119",대전,1970-07-25,24.9,28.6,17:56,22,1:47,6.6
"119",대전,1970-07-26,25.2,30.1,17:05,19.8,3:10,10.3
"119",대전,1970-07-27,26.5,30.3,13:10,23.2,5:45,7.1
"119",대전,1970-07-28,24.8,28.4,13:05,21.7,5:30,6.7
"119",대전,1970-07-29,24.4,25.7,9:50,21.6,12:00,4.1
"119",대전,1970-07-30,25.8,28.2,18:40,22.6,6:00,5.6
"119",대전,1970-07-31,24.9,27.1,16:35,23.3,21:00,3.8
"119",대전,1971-07-01,23.4,26.2,13:35,21.1,6:30,5.1
"119",대전,1971-07-02,25.4,27.8,15:00,22.8,24:00:00,5
"119",대전,1971-07-03,25.2,29.6,17:05,21.4,5:25,8.2
"119",대전,1971-07-04,26,29.2,15:09,22.2,5:40,7
"119",대전,1971-07-05,24.9,29,14:36,21.9,24:00:00,7.1
"119",대전,1971-07-06,24.8,29.8,13:32,20.7,3:50,9.1
"119",대전,1971-07-07,25.8,29,14:45,20,24:00:00,9
"119",대전,1971-07-08,22,24.9,15:50,19.2,3:20,5.7
"119",대전,1971-07-09,23.6,27.8,15:10,19.2,4:10,8.6
"119",대전,1971-07-10,23.1,26,14:00,21,3:00,5
"119",대전,1971-07-11,21.9,26.6,17:32,19.1,5:10,7.5
"119",대전,1971-07-12,22.7,28.6,15:47,18.1,3:54,10.5
"119",대전,1971-07-13,24.6,30.2,16:29,17.4,5:32,12.8
"119",대전,1971-07-14,25.6,29.2,16:47,24,5:26,5.2
"119",대전,1971-07-15,25.6,29.2,13:21,24.3,8:31,4.9
"119",대전,1971-07-16,26,28.3,17:08,22.8,11:56,5.5
"119",대전,1971-07-17,24,27.7,15:10,21.5,9:55,6.2
"119",대전,1971-07-18,24.9,28.6,15:05,21.8,1:10,6.8
"119",대전,1971-07-19,23.2,25.4,15:55,21.8,4:20,3.6
"119",대전,1971-07-20,22.6,24.3,14:00,19.9,6:05,4.4
"119",대전,1971-07-21,22.3,24.9,19:03,19.9,7:22,5
"119",대전,1971-07-22,24.5,29.1,15:29,20.4,24:00:00,8.7
"119",대전,1971-07-23,23.3,28.7,17:06,18.5,6:00,10.2
"119",대전,1971-07-24,24.1,29.2,15:52,20.6,3:46,8.6
"119",대전,1971-07-25,22.4,25.2,12:56,20.9,5:09,4.3
"119",대전,1971-07-26,24.2,26.5,17:55,20.8,0:00,5.7
"119",대전,1971-07-27,27.5,31.2,16:15,24.1,4:05,7.1
"119",대전,1971-07-28,27.4,29.9,16:05,25.2,3:50,4.7
"119",대전,1971-07-29,25.9,26.4,15:00,24.6,24:00:00,1.8
"119",대전,1971-07-30,25.7,27.9,20:02,24.2,4:05,3.7
"119",대전,1971-07-31,28.1,32.4,14:10,25.1,5:20,7.3
"119",대전,1972-07-01,20.6,28.1,16:20,16.6,5:31,11.5
"119",대전,1972-07-02,23.8,31.7,15:04,17.2,2:00,14.5
"119",대전,1972-07-03,22.9,26,12:40,20.6,3:09,5.4
"119",대전,1972-07-04,23.2,25.3,15:05,21.9,23:40,3.4
"119",대전,1972-07-05,24.5,31.2,16:31,21.2,6:00,10
"119",대전,1972-07-06,25.5,30.8,15:05,21.8,4:24,9
"119",대전,1972-07-07,25.4,26.7,17:40,24,2:30,2.7
"119",대전,1972-07-08,23.4,25.6,0:10,21.4,24:00:00,4.2
"119",대전,1972-07-09,22.2,25.9,14:55,20.1,24:00:00,5.8
"119",대전,1972-07-10,22.1,24.4,15:03,17.4,9:20,7
"119",대전,1972-07-11,22.3,26.8,15:43,18.6,4:10,8.2
"119",대전,1972-07-12,24,29.8,15:56,17,5:19,12.8
"119",대전,1972-07-13,24.1,29.9,16:02,16.4,5:12,13.5
"119",대전,1972-07-14,24.5,30.2,16:13,16.9,5:45,13.3
"119",대전,1972-07-15,25,30.7,15:51,20.4,5:40,10.3
"119",대전,1972-07-16,21.9,23.5,13:09,19.4,4:50,4.1
"119",대전,1972-07-17,25,29.8,16:24,21.3,0:08,8.5
"119",대전,1972-07-18,25.9,32.4,14:10,21.7,0:36,10.7
"119",대전,1972-07-19,26.4,32.6,14:22,21.4,5:00,11.2
"119",대전,1972-07-20,29.8,35.2,15:40,22.8,3:40,12.4
"119",대전,1972-07-21,30,34.4,15:02,22.6,5:55,11.8
"119",대전,1972-07-22,29.9,34.4,15:22,25.6,5:55,8.8
"119",대전,1972-07-23,29.3,34.6,16:30,24.1,6:20,10.5
"119",대전,1972-07-24,26.3,30.5,13:03,23,23:57,7.5
"119",대전,1972-07-25,24,28.9,14:10,22.3,5:00,6.6
"119",대전,1972-07-26,27.4,29.6,16:05,24.1,24:00:00,5.5
"119",대전,1972-07-27,25.7,29.1,15:40,22.7,4:00,6.4
"119",대전,1972-07-28,27,32.3,14:28,21.8,5:55,10.5
"119",대전,1972-07-29,27.1,32,14:35,22,5:40,10
"119",대전,1972-07-30,26.1,31.4,15:02,22.2,5:52,9.2
"119",대전,1972-07-31,25.2,31.3,14:35,21.7,5:25,9.6
"119",대전,1973-07-01,22.4,28.2,17:21,18.9,6:11,9.3
"119",대전,1973-07-02,23,28.6,18:10,19.3,2:55,9.3
"119",대전,1973-07-03,26.7,32.9,17:58,21.3,4:40,11.6
"119",대전,1973-07-04,25.5,30.9,16:53,22.5,5:39,8.4
"119",대전,1973-07-05,25.8,31.2,15:11,22.4,23:57,8.8
"119",대전,1973-07-06,25,28.7,16:10,21.8,23:49,6.9
"119",대전,1973-07-07,24.2,28.8,14:36,20.5,4:10,8.3
"119",대전,1973-07-08,25.3,31.2,14:55,20.5,5:40,10.7
"119",대전,1973-07-09,25.9,32,14:12,21.2,5:41,10.8
"119",대전,1973-07-10,24.9,29.8,14:46,21.3,4:50,8.5
"119",대전,1973-07-11,25.7,30.2,16:39,23,5:03,7.2
"119",대전,1973-07-12,26.2,31.5,14:37,22.8,3:30,8.7
"119",대전,1973-07-13,26.9,30.8,14:41,23.3,5:20,7.5
"119",대전,1973-07-14,26.1,27.4,15:33,24,11:31,3.4
"119",대전,1973-07-15,27.4,31.8,16:34,23.6,5:50,8.2
"119",대전,1973-07-16,27.3,31.7,14:41,22.4,5:40,9.3
"119",대전,1973-07-17,28.8,34.6,16:17,22.5,5:44,12.1
"119",대전,1973-07-18,29.7,33.4,15:36,25.1,5:30,8.3
"119",대전,1973-07-19,26.3,29.7,17:03,23.2,5:42,6.5
"119",대전,1973-07-20,29,32.9,13:53,26,5:52,6.9
"119",대전,1973-07-21,25.8,31,16:49,24,6:30,7
"119",대전,1973-07-22,26.8,31.8,14:27,23.6,17:09,8.2
"119",대전,1973-07-23,28.3,33.3,15:37,23.4,4:45,9.9
"119",대전,1973-07-24,28.4,33.3,15:42,23.7,5:50,9.6
"119",대전,1973-07-25,28.1,32.8,14:18,24.4,5:25,8.4
"119",대전,1973-07-26,27.9,31.8,11:41,24.8,6:25,7
"119",대전,1973-07-27,27.2,29.7,11:50,24.7,23:56,5
"119",대전,1973-07-28,26.2,30.8,14:24,23.1,5:57,7.7
"119",대전,1973-07-29,26.9,31,15:53,23.2,3:49,7.8
"119",대전,1973-07-30,26.5,31,14:55,22.8,7:04,8.2
"119",대전,1973-07-31,25.9,30.4,15:50,21.9,6:24,8.5
"119",대전,1974-07-01,22.3,29.4,14:19,15.8,5:29,13.6
"119",대전,1974-07-02,24,30.5,15:10,18.3,5:20,12.2
"119",대전,1974-07-03,22,24.6,11:57,20.1,6:42,4.5
"119",대전,1974-07-04,20.9,23.7,12:05,19.7,23:32,4
"119",대전,1974-07-05,22.3,26.1,13:09,18.7,4:46,7.4
"119",대전,1974-07-06,22,25.4,14:30,18.7,5:50,6.7
"119",대전,1974-07-07,23,28,15:41,19.3,23:05,8.7
"119",대전,1974-07-08,20.4,22.3,10:20,19.2,0:50,3.1
"119",대전,1974-07-09,21.8,24.2,17:24,20.1,0:15,4.1
"119",대전,1974-07-10,22.5,27.6,17:24,20.3,6:39,7.3
"119",대전,1974-07-11,22.8,27.8,15:30,19.8,1:13,8
"119",대전,1974-07-12,22.2,24.4,14:47,20.3,5:00,4.1
"119",대전,1974-07-13,21.9,24.7,16:21,20.2,22:18,4.5
"119",대전,1974-07-14,21.1,23.3,15:42,19.1,7:00,4.2
"119",대전,1974-07-15,22.5,26.1,16:26,20.8,4:10,5.3
"119",대전,1974-07-16,23.8,29.8,16:21,20.7,1:29,9.1
"119",대전,1974-07-17,24.7,29.3,17:21,21.8,5:55,7.5
"119",대전,1974-07-18,25.5,30,14:27,21.9,4:32,8.1
"119",대전,1974-07-19,24.6,27.1,14:54,22.8,6:52,4.3
"119",대전,1974-07-20,25.5,29.8,14:41,22.7,4:40,7.1
"119",대전,1974-07-21,25.3,29.2,11:42,21.7,5:19,7.5
"119",대전,1974-07-22,25.4,29.6,11:38,21.7,23:56,7.9
"119",대전,1974-07-23,24.4,29.9,17:08,17.9,5:50,12
"119",대전,1974-07-24,23.8,30,15:14,17.9,6:12,12.1
"119",대전,1974-07-25,24.7,29,15:05,21.7,5:14,7.3
"119",대전,1974-07-26,24,27.8,15:33,20,6:50,7.8
"119",대전,1974-07-27,25.5,29.6,15:46,22.1,4:27,7.5
"119",대전,1974-07-28,24.7,26.8,13:50,23,23:51,3.8
"119",대전,1974-07-29,24.8,27.6,15:13,22.7,5:12,4.9
"119",대전,1974-07-30,24.7,29.2,14:37,22.5,5:10,6.7
"119",대전,1974-07-31,25.6,30.7,14:13,22.8,23:45,7.9
"119",대전,1975-07-01,23.9,29.7,15:26,18.4,2:47,11.3
"119",대전,1975-07-02,25.4,30.5,15:20,19,5:46,11.5
"119",대전,1975-07-03,24.7,28.6,14:49,21.4,24:00:00,7.2
"119",대전,1975-07-04,22.8,27.9,14:37,19,5:48,8.9
"119",대전,1975-07-05,23.8,29.4,13:03,19.3,3:21,10.1
"119",대전,1975-07-06,21.6,23.7,12:30,20.1,23:54,3.6
"119",대전,1975-07-07,21.8,27.4,18:11,18.2,8:23,9.2
"119",대전,1975-07-08,22.2,27.6,16:40,18.3,5:50,9.3
"119",대전,1975-07-09,22.5,26.9,13:18,17.6,5:51,9.3
"119",대전,1975-07-10,22.5,25.3,12:10,19.6,23:47,5.7
"119",대전,1975-07-11,21.5,24.4,15:50,19.6,5:40,4.8
"119",대전,1975-07-12,22.1,27,16:06,17.6,5:24,9.4
"119",대전,1975-07-13,23,28,15:05,18.2,4:52,9.8
"119",대전,1975-07-14,23.8,27.3,17:02,19.5,6:05,7.8
"119",대전,1975-07-15,24.9,27.4,16:18,23,23:52,4.4
"119",대전,1975-07-16,24.3,27.2,15:26,22.5,6:57,4.7
"119",대전,1975-07-17,25.9,30.6,15:22,22.5,4:48,8.1
"119",대전,1975-07-18,25.5,30.2,14:09,21.6,4:42,8.6
"119",대전,1975-07-19,26.9,30.4,16:06,24.3,4:30,6.1
"119",대전,1975-07-20,27,31.5,15:38,23.7,3:14,7.8
"119",대전,1975-07-21,27.1,30.4,13:48,24.7,5:53,5.7
"119",대전,1975-07-22,27.5,31.4,15:02,24.6,24:00:00,6.8
"119",대전,1975-07-23,27.1,30.7,15:00,24,4:24,6.7
"119",대전,1975-07-24,26.2,30.3,13:11,23.8,24:00:00,6.5
"119",대전,1975-07-25,24.3,26.4,12:05,22.8,24:00:00,3.6
"119",대전,1975-07-26,25.7,29.7,12:59,22.5,1:05,7.2
"119",대전,1975-07-27,24.6,26.1,14:44,22,10:21,4.1
"119",대전,1975-07-28,23.6,25.4,18:00,22.7,2:20,2.7
"119",대전,1975-07-29,27.6,32.8,15:10,23.4,1:30,9.4
"119",대전,1975-07-30,28.5,32.8,15:44,23.5,3:54,9.3
"119",대전,1975-07-31,25.7,30.4,12:57,25,22:55,5.4
"119",대전,1976-07-01,19,22.5,12:20,15.9,5:43,6.6
"119",대전,1976-07-02,16.2,18.3,12:12,14.4,24:00:00,3.9
"119",대전,1976-07-03,14.7,16.1,18:30,13.6,8:10,2.5
"119",대전,1976-07-04,18,22,14:55,13.3,4:30,8.7
"119",대전,1976-07-05,21.5,27.2,15:55,15.6,6:20,11.6
"119",대전,1976-07-06,20.5,26.6,14:13,15.8,5:47,10.8
"119",대전,1976-07-07,20.4,27.2,16:12,15.6,4:04,11.6
"119",대전,1976-07-08,21.2,28.7,13:46,16.3,3:40,12.4
"119",대전,1976-07-09,21.1,22.7,9:03,18.8,11:10,3.9
"119",대전,1976-07-10,20.8,24.3,14:49,18,24:00:00,6.3
"119",대전,1976-07-11,21.6,26.9,14:56,17.8,0:34,9.1
"119",대전,1976-07-12,22.9,28.8,12:14,19.5,5:51,9.3
"119",대전,1976-07-13,21.7,26.1,13:45,18.9,24:00:00,7.2
"119",대전,1976-07-14,21.5,27.7,14:58,17.4,6:10,10.3
"119",대전,1976-07-15,23.9,28,16:18,18,4:50,10
"119",대전,1976-07-16,21.4,25.1,16:54,19.3,4:03,5.8
"119",대전,1976-07-17,22.2,24.8,18:07,20.2,23:54,4.6
"119",대전,1976-07-18,25.4,30,13:59,19.6,6:00,10.4
"119",대전,1976-07-19,25.1,29.8,14:50,21.9,24:00:00,7.9
"119",대전,1976-07-20,25.4,31.1,17:10,18.7,6:42,12.4
"119",대전,1976-07-21,26.7,31.7,16:26,21.2,6:00,10.5
"119",대전,1976-07-22,25.2,27.5,18:24,23.8,3:55,3.7
"119",대전,1976-07-23,26.4,30.3,14:50,23.6,6:20,6.7
"119",대전,1976-07-24,26.2,30.2,15:10,23.3,24:00:00,6.9
"119",대전,1976-07-25,25.9,32.5,15:15,20.8,4:37,11.7
"119",대전,1976-07-26,24.5,29.7,14:52,20.1,3:35,9.6
"119",대전,1976-07-27,25.5,29.2,13:04,23.1,5:46,6.1
"119",대전,1976-07-28,24.5,27.2,17:21,23.2,23:22,4
"119",대전,1976-07-29,25.8,30.6,15:15,21.4,5:30,9.2
"119",대전,1976-07-30,26.1,30.1,13:44,22.5,6:15,7.6
"119",대전,1976-07-31,26.1,30.2,14:54,21.6,6:07,8.6
"119",대전,1977-07-01,23.2,25.6,13:27,22,24:00:00,3.6
"119",대전,1977-07-02,23.9,29,17:51,21.4,6:00,7.6
"119",대전,1977-07-03,25.7,29.7,14:35,21.1,5:30,8.6
"119",대전,1977-07-04,24.2,26.5,18:44,22.8,6:54,3.7
"119",대전,1977-07-05,27,31.6,15:07,23.5,6:00,8.1
"119",대전,1977-07-06,24.7,26.3,14:42,23.3,24:00:00,3
"119",대전,1977-07-07,24.9,27.7,17:41,22.8,5:47,4.9
"119",대전,1977-07-08,24.4,25.4,17:00,23.6,13:03,1.8
"119",대전,1977-07-09,24.5,25.6,14:43,23.5,24:00:00,2.1
"119",대전,1977-07-10,24.6,28.4,15:33,21.8,5:54,6.6
"119",대전,1977-07-11,23.6,28.1,16:15,20.8,6:00,7.3
"119",대전,1977-07-12,20.5,22.2,0:12,19.4,12:00,2.8
"119",대전,1977-07-13,22.8,26.9,16:56,20.3,6:00,6.6
"119",대전,1977-07-14,24.5,29.8,14:39,18.8,6:00,11
"119",대전,1977-07-15,24.8,30,16:10,21.3,6:00,8.7
"119",대전,1977-07-16,24.4,28.6,17:50,21.7,5:50,6.9
"119",대전,1977-07-17,25.4,29.2,14:21,22.9,24:00:00,6.3
"119",대전,1977-07-18,25.7,30.4,15:09,21.6,6:00,8.8
"119",대전,1977-07-19,26.3,30.5,15:40,22.6,4:44,7.9
"119",대전,1977-07-20,25.7,28.5,18:03,23.6,5:51,4.9
"119",대전,1977-07-21,26.5,31.6,17:00,23,8:00,8.6
"119",대전,1977-07-22,26.7,31.9,14:43,23.6,6:00,8.3
"119",대전,1977-07-23,27.6,32.6,15:34,22.8,7:04,9.8
"119",대전,1977-07-24,28.1,32.4,15:53,24.1,5:30,8.3
"119",대전,1977-07-25,27.2,30.9,15:03,24.5,3:54,6.4
"119",대전,1977-07-26,28,33.5,15:30,24.2,6:00,9.3
"119",대전,1977-07-27,28.3,33.8,15:10,23.2,6:00,10.6
"119",대전,1977-07-28,28.8,35,14:53,24,6:06,11
"119",대전,1977-07-29,28.6,34.9,14:39,22.9,5:57,12
"119",대전,1977-07-30,27.9,33.4,12:40,23.6,6:00,9.8
"119",대전,1977-07-31,26.6,32.6,14:53,21.3,6:00,11.3
"119",대전,1978-07-01,26.9,31.4,17:05,24,5:52,7.4
"119",대전,1978-07-02,25.9,28.4,18:00,23.2,11:55,5.2
"119",대전,1978-07-03,27.4,31.2,14:45,23.7,24:00:00,7.5
"119",대전,1978-07-04,25,30,14:47,21.6,6:10,8.4
"119",대전,1978-07-05,25.4,29.9,13:03,22.4,4:50,7.5
"119",대전,1978-07-06,25.3,26.8,11:20,24.6,24:00:00,2.2
"119",대전,1978-07-07,25.9,29.9,13:55,23.8,4:00,6.1
"119",대전,1978-07-08,27,31.6,14:30,24,5:45,7.6
"119",대전,1978-07-09,25,27.8,12:50,24,16:30,3.8
"119",대전,1978-07-10,25,27.8,18:00,23,6:00,4.8
"119",대전,1978-07-11,24,25.2,13:30,22.4,24:00:00,2.8
"119",대전,1978-07-12,22.1,28,18:12,18.6,6:10,9.4
"119",대전,1978-07-13,25,29.6,15:00,19.3,6:20,10.3
"119",대전,1978-07-14,26.5,29.8,14:00,24.4,5:00,5.4
"119",대전,1978-07-15,26.2,29.2,14:34,24.4,6:05,4.8
"119",대전,1978-07-16,24.8,28,15:50,22.3,5:50,5.7
"119",대전,1978-07-17,23.8,26.6,16:00,22,5:20,4.6
"119",대전,1978-07-18,25.1,28.5,15:30,22.6,5:50,5.9
"119",대전,1978-07-19,24,28,16:10,21.4,6:10,6.6
"119",대전,1978-07-20,26,29.9,15:50,22,6:30,7.9
"119",대전,1978-07-21,27.3,31.9,15:50,24,6:00,7.9
"119",대전,1978-07-22,27.8,33.2,16:20,22.9,6:20,10.3
"119",대전,1978-07-23,28.4,32.2,16:00,25.3,6:10,6.9
"119",대전,1978-07-24,28,33.2,16:30,24,6:10,9.2
"119",대전,1978-07-25,28.1,33.1,15:20,22.9,6:10,10.2
"119",대전,1978-07-26,28.8,34.7,14:50,23.8,6:50,10.9
"119",대전,1978-07-27,29.9,35.2,14:58,25.3,5:58,9.9
"119",대전,1978-07-28,30.2,34.8,14:28,24.9,6:28,9.9
"119",대전,1978-07-29,30.2,35,14:50,23.6,5:50,11.4
"119",대전,1978-07-30,27.8,31.6,15:08,24.4,5:55,7.2
"119",대전,1978-07-31,29.7,33.8,16:58,25.4,6:08,8.4
"119",대전,1979-07-01,23.8,28.7,15:10,20.8,23:52,7.9
"119",대전,1979-07-02,22.4,27,16:54,19.6,5:10,7.4
"119",대전,1979-07-03,22.5,27.7,15:55,19.6,5:00,8.1
"119",대전,1979-07-04,23.6,28.7,16:18,20.2,1:20,8.5
"119",대전,1979-07-05,23.4,29.8,15:20,19.9,2:00,9.9
"119",대전,1979-07-06,24,29.6,15:30,20.8,0:20,8.8
"119",대전,1979-07-07,24.2,29.1,13:20,21.1,5:00,8
"119",대전,1979-07-08,24.3,29.8,15:20,20.6,5:50,9.2
"119",대전,1979-07-09,25,31.5,16:10,19.3,5:30,12.2
"119",대전,1979-07-10,22,26,1:28,20,8:00,6
"119",대전,1979-07-11,22.1,25.8,16:18,20.4,6:20,5.4
"119",대전,1979-07-12,23.9,29.3,17:10,20.2,1:18,9.1
"119",대전,1979-07-13,21.6,24.1,1:42,19.7,7:54,4.4
"119",대전,1979-07-14,23,26.9,17:49,21.3,23:50,5.6
"119",대전,1979-07-15,24.5,30,15:10,20.4,1:40,9.6
"119",대전,1979-07-16,24.5,27.6,13:58,22.4,5:45,5.2
"119",대전,1979-07-17,24.2,28.2,14:20,19.6,23:47,8.6
"119",대전,1979-07-18,22.6,28.9,16:13,15.4,5:40,13.5
"119",대전,1979-07-19,24.3,30,16:29,18.3,6:24,11.7
"119",대전,1979-07-20,24.8,30.4,16:50,21.2,6:10,9.2
"119",대전,1979-07-21,25.4,30.8,14:30,21.6,5:30,9.2
"119",대전,1979-07-22,24.1,25.8,10:30,22.7,5:30,3.1
"119",대전,1979-07-23,23.1,26,16:20,21,23:50,5
"119",대전,1979-07-24,25.7,30.8,18:10,20.9,5:45,9.9
"119",대전,1979-07-25,26.9,32.2,14:03,23.9,5:07,8.3
"119",대전,1979-07-26,27.5,32.7,15:08,23,5:50,9.7
"119",대전,1979-07-27,27.6,31.6,13:20,23.8,23:20,7.8
"119",대전,1979-07-28,25.3,29.4,17:10,23.2,7:44,6.2
"119",대전,1979-07-29,25.8,29.9,16:40,23.5,23:20,6.4
"119",대전,1979-07-30,26,30.8,16:05,23.1,3:32,7.7
"119",대전,1979-07-31,27.4,31.9,15:53,25.1,23:51,6.8
"119",대전,1980-07-01,19.6,22.2,14:10,17.4,4:45,4.8
"119",대전,1980-07-02,20.4,24.4,15:50,17.7,5:05,6.7
"119",대전,1980-07-03,21.9,27.2,15:06,18.5,5:35,8.7
"119",대전,1980-07-04,20.2,22.6,13:15,19,2:10,3.6
"119",대전,1980-07-05,20.8,23.3,15:31,19.2,24:00:00,4.1
"119",대전,1980-07-06,21.9,28.1,15:18,18.5,6:28,9.6
"119",대전,1980-07-07,21,27.9,15:40,17.8,7:35,10.1
"119",대전,1980-07-08,21.4,26.4,15:20,17.8,4:50,8.6
"119",대전,1980-07-09,22.5,28.9,14:40,18.9,5:20,10
"119",대전,1980-07-10,23.4,28.5,14:46,18.8,2:26,9.7
"119",대전,1980-07-11,24.4,29.2,16:20,21.4,24:00:00,7.8
"119",대전,1980-07-12,23.3,29.2,14:20,19,5:30,10.2
"119",대전,1980-07-13,22.9,29.4,14:30,18.9,23:40,10.5
"119",대전,1980-07-14,20.6,23.1,13:35,19.2,0:00,3.9
"119",대전,1980-07-15,22.3,27.6,14:18,19,4:15,8.6
"119",대전,1980-07-16,23.9,29.7,15:20,17.7,5:45,12
"119",대전,1980-07-17,23.1,28.9,12:30,20.4,4:10,8.5
"119",대전,1980-07-18,21.4,25.3,16:35,19.9,6:10,5.4
"119",대전,1980-07-19,24.3,29.5,12:55,20.7,4:55,8.8
"119",대전,1980-07-20,23.9,27.3,16:00,21.8,18:55,5.5
"119",대전,1980-07-21,23.6,26.5,17:50,21.2,0:15,5.3
"119",대전,1980-07-22,24.6,26.5,14:25,22.8,0:30,3.7
"119",대전,1980-07-23,24.2,28.2,15:32,20.8,24:00:00,7.4
"119",대전,1980-07-24,23.2,29.4,16:02,19.4,4:35,10
"119",대전,1980-07-25,21.7,24.1,10:40,20.3,5:00,3.8
"119",대전,1980-07-26,24,29.2,17:10,21.5,0:00,7.7
"119",대전,1980-07-27,24.2,27.3,16:35,22.1,2:40,5.2
"119",대전,1980-07-28,23.4,25.7,12:45,21.2,23:40,4.5
"119",대전,1980-07-29,22.5,25.8,11:40,21,23:52,4.8
"119",대전,1980-07-30,24,28.9,14:55,19.1,6:10,9.8
"119",대전,1980-07-31,22.7,29.1,17:02,17.3,6:13,11.8
"119",대전,1981-07-01,22.9,24.6,11:20,22.5,8:10,2.1
"119",대전,1981-07-02,23.3,24.4,9:10,22.4,24:00:00,2
"119",대전,1981-07-03,22.5,23.7,19:00,21.8,6:40,1.9
"119",대전,1981-07-04,24.6,29.4,16:10,21,7:20,8.4
"119",대전,1981-07-05,23.8,25.2,0:00,23,23:10,2.2
"119",대전,1981-07-06,23.1,26.4,14:25,20.6,24:00:00,5.8
"119",대전,1981-07-07,22.6,27.3,17:36,20.2,5:40,7.1
"119",대전,1981-07-08,23.4,27,15:30,19.7,6:00,7.3
"119",대전,1981-07-09,22.9,25.6,14:25,20.1,24:00:00,5.5
"119",대전,1981-07-10,22.8,28.1,15:03,18.7,4:00,9.4
"119",대전,1981-07-11,22.3,26.3,13:58,19.5,22:40,6.8
"119",대전,1981-07-12,22.3,26,16:10,19.8,0:00,6.2
"119",대전,1981-07-13,23.7,26.9,12:05,20.9,6:15,6
"119",대전,1981-07-14,25.2,29.5,16:15,21.9,3:15,7.6
"119",대전,1981-07-15,26.4,29.1,15:25,23.3,5:35,5.8
"119",대전,1981-07-16,27.1,31.4,15:51,23.9,6:00,7.5
"119",대전,1981-07-17,27.1,30.5,15:50,24.8,6:25,5.7
"119",대전,1981-07-18,27.3,31.3,15:10,24.2,4:40,7.1
"119",대전,1981-07-19,26.2,30.7,14:50,23.5,6:00,7.2
"119",대전,1981-07-20,25.6,30.6,15:08,22.8,3:40,7.8
"119",대전,1981-07-21,25.5,28.6,13:10,23.2,6:20,5.4
"119",대전,1981-07-22,25.9,30.5,15:10,22.8,2:40,7.7
"119",대전,1981-07-23,26.2,30.7,16:08,24.1,24:00:00,6.6
"119",대전,1981-07-24,26.5,31.8,15:40,22.2,5:35,9.6
"119",대전,1981-07-25,28.6,33.7,14:30,23.9,4:15,9.8
"119",대전,1981-07-26,28.7,34.9,16:50,24.3,24:00:00,10.6
"119",대전,1981-07-27,26.4,30.2,13:35,24.2,0:20,6
"119",대전,1981-07-28,27.2,32,15:03,23.1,6:40,8.9
"119",대전,1981-07-29,27.7,30.8,15:57,25.1,6:10,5.7
"119",대전,1981-07-30,28.7,33.3,16:25,24,5:55,9.3
"119",대전,1981-07-31,29.9,34.5,15:15,23.8,6:05,10.7
"119",대전,1982-07-01,22.4,27.9,13:10,17.1,5:55,10.8
"119",대전,1982-07-02,23.3,30,14:30,18.8,6:15,11.2
"119",대전,1982-07-03,23.6,29.9,13:45,16.9,5:50,13
"119",대전,1982-07-04,23.9,29.4,15:36,18.8,5:10,10.6
"119",대전,1982-07-05,23.7,29.6,15:00,19.1,4:30,10.5
"119",대전,1982-07-06,25.7,32,15:12,20.4,5:32,11.6
"119",대전,1982-07-07,24.8,30.5,13:33,20.2,5:55,10.3
"119",대전,1982-07-08,25,31.6,15:03,19.1,5:39,12.5
"119",대전,1982-07-09,25.6,33.4,14:29,18.8,5:40,14.6
"119",대전,1982-07-10,26.2,32.2,14:30,20.6,3:40,11.6
"119",대전,1982-07-11,24,27.2,16:12,21.6,21:46,5.6
"119",대전,1982-07-12,24.3,28,14:46,21,5:50,7
"119",대전,1982-07-13,23.8,27.1,14:57,21.1,23:40,6
"119",대전,1982-07-14,25.4,32.6,16:05,20.8,4:20,11.8
"119",대전,1982-07-15,25,30.4,14:23,19.6,4:48,10.8
"119",대전,1982-07-16,23.6,27.6,12:40,19.3,23:50,8.3
"119",대전,1982-07-17,23.5,29.1,16:06,18,2:43,11.1
"119",대전,1982-07-18,23.4,29.3,14:40,17.2,5:50,12.1
"119",대전,1982-07-19,23.9,29.3,13:55,20.2,5:50,9.1
"119",대전,1982-07-20,24.2,30,14:02,20,5:30,10
"119",대전,1982-07-21,24.6,31.2,15:00,20.4,2:55,10.8
"119",대전,1982-07-22,24.7,31.4,13:25,18.4,5:40,13
"119",대전,1982-07-23,25.3,27.5,14:45,21.3,4:55,6.2
"119",대전,1982-07-24,26.6,30.5,14:00,24.2,4:03,6.3
"119",대전,1982-07-25,23.9,25,0:00,22.6,23:30,2.4
"119",대전,1982-07-26,24.8,30.3,15:00,19.1,23:00,11.2
"119",대전,1982-07-27,23.1,26.5,15:15,19.6,5:50,6.9
"119",대전,1982-07-28,21.1,24,12:30,19.1,23:30,4.9
"119",대전,1982-07-29,22.7,27.3,12:43,19,1:00,8.3
"119",대전,1982-07-30,24.6,28.6,12:25,21.3,5:28,7.3
"119",대전,1982-07-31,26.3,31.3,14:20,22.1,5:30,9.2
"119",대전,1983-07-01,25.6,29.6,15:07,22.2,6:00,7.4
"119",대전,1983-07-02,21.6,25.1,0:00,20.3,8:40,4.8
"119",대전,1983-07-03,22.3,25.8,14:30,19.1,5:10,6.7
"119",대전,1983-07-04,23.7,28.2,13:40,20.3,3:30,7.9
"119",대전,1983-07-05,22,24.9,15:00,18.3,24:00:00,6.6
"119",대전,1983-07-06,21.6,25.8,14:10,18.3,0:00,7.5
"119",대전,1983-07-07,22,26.7,15:30,19,6:00,7.7
"119",대전,1983-07-08,21.7,25.4,17:40,19.2,6:00,6.2
"119",대전,1983-07-09,22,26.3,14:54,18.2,5:10,8.1
"119",대전,1983-07-10,22.7,27,15:45,19.6,5:05,7.4
"119",대전,1983-07-11,23.2,28.3,14:15,19.9,6:00,8.4
"119",대전,1983-07-12,22.3,27.8,16:00,18.9,6:00,8.9
"119",대전,1983-07-13,23,28.8,15:50,19.8,3:50,9
"119",대전,1983-07-14,20.5,21.6,6:00,19.9,21:00,1.7
"119",대전,1983-07-15,23.4,27.2,15:04,19.9,1:00,7.3
"119",대전,1983-07-16,24,27.1,13:50,19.6,24:00:00,7.5
"119",대전,1983-07-17,22,26.7,14:20,16.7,5:30,10
"119",대전,1983-07-18,23.2,27.4,14:40,20.7,6:40,6.7
"119",대전,1983-07-19,21.5,24.5,12:30,19.4,21:00,5.1
"119",대전,1983-07-20,21.1,23.4,2:10,19.2,24:00:00,4.2
"119",대전,1983-07-21,22.8,27.3,16:35,19.1,1:10,8.2
"119",대전,1983-07-22,23.3,27.6,14:10,20.3,3:00,7.3
"119",대전,1983-07-23,24.2,27.6,16:55,22.8,24:00:00,4.8
"119",대전,1983-07-24,24.4,26.4,14:02,22.7,6:00,3.7
"119",대전,1983-07-25,26.1,27.5,15:20,24.5,23:10,3
"119",대전,1983-07-26,27.1,30.3,15:56,24.5,24:00:00,5.8
"119",대전,1983-07-27,26.3,28.4,15:00,24.4,0:55,4
"119",대전,1983-07-28,26.8,29.4,15:00,24.5,6:00,4.9
"119",대전,1983-07-29,25.6,27.7,12:54,25,4:10,2.7
"119",대전,1983-07-30,26.5,28.8,17:30,25.1,3:00,3.7
"119",대전,1983-07-31,27.6,31.3,13:30,25.5,3:00,5.8
"119",대전,1984-07-01,25.1,31.5,15:00,17.9,5:40,13.6
"119",대전,1984-07-02,26.4,30.4,15:30,23.1,5:30,7.3
"119",대전,1984-07-03,24,26.4,0:00,22.4,14:34,4
"119",대전,1984-07-04,21.7,23.4,14:25,20.7,19:20,2.7
"119",대전,1984-07-05,24.6,28.8,16:10,19.5,5:50,9.3
"119",대전,1984-07-06,24.8,28.2,15:18,21,3:00,7.2
"119",대전,1984-07-07,22.9,24.4,13:08,21.6,9:20,2.8
"119",대전,1984-07-08,23.5,24.4,16:44,22.2,22:50,2.2
"119",대전,1984-07-09,24.1,26.4,15:32,21.9,2:40,4.5
"119",대전,1984-07-10,24.6,29,16:32,21.7,7:20,7.3
"119",대전,1984-07-11,24.8,28.1,14:51,21.6,5:35,6.5
"119",대전,1984-07-12,21.7,23.3,22:50,20.8,17:50,2.5
"119",대전,1984-07-13,23,25.7,15:10,20.8,6:50,4.9
"119",대전,1984-07-14,24.6,29.3,15:15,21.5,6:05,7.8
"119",대전,1984-07-15,24.9,30.2,15:55,22.3,5:45,7.9
"119",대전,1984-07-16,23.8,27.9,14:05,19.7,24:00:00,8.2
"119",대전,1984-07-17,22.5,28.4,14:45,18.1,5:30,10.3
"119",대전,1984-07-18,24.4,30,13:48,18.3,5:50,11.7
"119",대전,1984-07-19,25.3,30.3,14:15,20.9,6:00,9.4
"119",대전,1984-07-20,25.3,30.7,14:08,21.2,2:50,9.5
"119",대전,1984-07-21,26.7,31.7,15:00,21.3,6:08,10.4
"119",대전,1984-07-22,23.6,25.6,14:20,22.4,23:50,3.2
"119",대전,1984-07-23,24.5,29.9,17:20,21.4,5:30,8.5
"119",대전,1984-07-24,25.1,29.1,14:32,22.8,24:00:00,6.3
"119",대전,1984-07-25,24.6,29.9,16:08,21.1,24:00:00,8.8
"119",대전,1984-07-26,25.9,31.3,13:55,19,5:50,12.3
"119",대전,1984-07-27,28.1,32.1,16:24,24.3,6:30,7.8
"119",대전,1984-07-28,27.8,31,15:35,25.1,6:00,5.9
"119",대전,1984-07-29,26.6,30.9,16:50,22.5,4:45,8.4
"119",대전,1984-07-30,28.3,33.7,16:46,22.6,6:15,11.1
"119",대전,1984-07-31,28.7,34.1,17:00,23.2,6:00,10.9
"119",대전,1985-07-01,22.5,27.4,15:04,19.3,5:40,8.1
"119",대전,1985-07-02,24.3,30.8,16:58,20.6,0:00,10.2
"119",대전,1985-07-03,21.4,23.5,11:09,20.8,21:00,2.7
"119",대전,1985-07-04,24.1,26.8,17:55,20.5,5:00,6.3
"119",대전,1985-07-05,23.7,27.6,13:30,21,24:00:00,6.6
"119",대전,1985-07-06,23.1,26.2,14:58,20.7,5:10,5.5
"119",대전,1985-07-07,21.8,24.1,13:10,20.6,24:00:00,3.5
"119",대전,1985-07-08,22.7,25.4,14:35,20.4,1:00,5
"119",대전,1985-07-09,26.2,29.9,15:20,22.7,2:30,7.2
"119",대전,1985-07-10,24.7,27,13:45,22.5,24:00:00,4.5
"119",대전,1985-07-11,24.2,26.8,14:55,21.7,5:45,5.1
"119",대전,1985-07-12,23.2,25.1,17:55,22,24:00:00,3.1
"119",대전,1985-07-13,23.1,26.5,15:43,21,6:40,5.5
"119",대전,1985-07-14,23.5,27.7,14:55,20.9,5:35,6.8
"119",대전,1985-07-15,24.2,29.9,14:20,19.2,5:50,10.7
"119",대전,1985-07-16,24,27.9,14:26,19.9,3:00,8
"119",대전,1985-07-17,24.4,26.2,13:00,23.1,24:00:00,3.1
"119",대전,1985-07-18,24.8,29.1,16:16,21.9,5:40,7.2
"119",대전,1985-07-19,24.8,26.6,14:32,23.1,6:00,3.5
"119",대전,1985-07-20,25.8,30.6,15:45,22.6,5:50,8
"119",대전,1985-07-21,26.5,31.3,15:55,22.6,5:40,8.7
"119",대전,1985-07-22,26.5,32.4,17:04,22.8,4:40,9.6
"119",대전,1985-07-23,27,29.8,15:05,23.9,6:13,5.9
"119",대전,1985-07-24,26.4,30.7,15:54,23,3:20,7.7
"119",대전,1985-07-25,27.2,31.7,17:15,23.2,2:02,8.5
"119",대전,1985-07-26,28.3,31.9,14:16,22.8,24:00:00,9.1
"119",대전,1985-07-27,27.4,32.8,14:55,22.3,5:55,10.5
"119",대전,1985-07-28,28.8,34,14:35,23.8,5:55,10.2
"119",대전,1985-07-29,28.8,34.3,13:46,23.7,6:20,10.6
"119",대전,1985-07-30,28.3,33.4,15:05,24.1,6:00,9.3
"119",대전,1985-07-31,27.7,32.3,15:55,24,6:15,8.3
"119",대전,1986-07-01,21.5,26.1,13:40,17.3,4:15,8.8
"119",대전,1986-07-02,20.1,24.2,15:07,16.5,4:10,7.7
"119",대전,1986-07-03,20.1,24.2,15:04,14.9,5:30,9.3
"119",대전,1986-07-04,19.2,22.8,14:05,14.8,5:40,8
"119",대전,1986-07-05,19.6,22.8,16:32,17.3,6:40,5.5
"119",대전,1986-07-06,20.1,27,16:20,15.3,4:25,11.7
"119",대전,1986-07-07,22.7,28.9,14:58,15.8,5:30,13.1
"119",대전,1986-07-08,24.6,31,15:37,17.7,5:45,13.3
"119",대전,1986-07-09,22.8,26.5,17:50,20,6:00,6.5
"119",대전,1986-07-10,23.9,28.4,15:23,19.4,5:50,9
"119",대전,1986-07-11,21.2,22.9,0:00,19.7,13:50,3.2
"119",대전,1986-07-12,22.1,26.8,16:20,19.4,6:00,7.4
"119",대전,1986-07-13,22.4,26.7,15:30,19.7,2:30,7
"119",대전,1986-07-14,23.3,28.2,16:04,20.1,5:50,8.1
"119",대전,1986-07-15,24.7,28.9,15:05,21.5,8:20,7.4
"119",대전,1986-07-16,23.1,24.9,11:40,22.1,4:50,2.8
"119",대전,1986-07-17,22.2,25.2,15:15,19,7:20,6.2
"119",대전,1986-07-18,22.4,26.2,14:12,20,5:10,6.2
"119",대전,1986-07-19,22.7,26.1,16:15,19.5,1:20,6.6
"119",대전,1986-07-20,24.1,28,16:30,22.3,8:30,5.7
"119",대전,1986-07-21,23.7,26.5,15:34,22.6,5:55,3.9
"119",대전,1986-07-22,23.1,26.7,17:10,21.2,24:00:00,5.5
"119",대전,1986-07-23,23.6,27.5,15:10,20.8,4:30,6.7
"119",대전,1986-07-24,22.4,23.8,19:00,20.6,8:10,3.2
"119",대전,1986-07-25,24.8,27,13:45,21.3,6:40,5.7
"119",대전,1986-07-26,26.3,29.4,14:40,24.3,6:30,5.1
"119",대전,1986-07-27,25.5,28.5,17:10,24,6:20,4.5
"119",대전,1986-07-28,26.8,30.8,15:19,23.2,5:10,7.6
"119",대전,1986-07-29,25.9,30.1,17:14,22.4,6:22,7.7
"119",대전,1986-07-30,26.5,30.9,15:30,21.6,5:20,9.3
"119",대전,1986-07-31,27.1,31.5,15:04,22.3,5:10,9.2
"119",대전,1987-07-01,23.8,29.6,14:45,19.4,5:50,10.2
"119",대전,1987-07-02,23.8,29.1,15:40,18.9,5:58,10.2
"119",대전,1987-07-03,23.9,28.7,15:10,20.6,6:15,8.1
"119",대전,1987-07-04,23.9,29.4,17:08,20.8,5:50,8.6
"119",대전,1987-07-05,23.1,26.9,15:00,19.4,3:55,7.5
"119",대전,1987-07-06,23.8,27.4,16:00,20.6,4:09,6.8
"119",대전,1987-07-07,24.3,28.7,14:27,20.6,5:20,8.1
"119",대전,1987-07-08,22.4,26,18:55,19.5,5:35,6.5
"119",대전,1987-07-09,23.7,30.1,15:27,17.9,5:32,12.2
"119",대전,1987-07-10,23.1,26.2,15:04,19,3:30,7.2
"119",대전,1987-07-11,22.9,25,1:50,21.3,23:45,3.7
"119",대전,1987-07-12,22.9,25.8,14:56,21.3,4:02,4.5
"119",대전,1987-07-13,23,27,15:28,20.6,5:30,6.4
"119",대전,1987-07-14,22.7,25.4,15:30,19.9,6:40,5.5
"119",대전,1987-07-15,21.8,23.3,13:07,20.4,5:50,2.9
"119",대전,1987-07-16,21.3,23.7,17:30,18.8,5:42,4.9
"119",대전,1987-07-17,23.2,27.9,16:28,20.8,6:25,7.1
"119",대전,1987-07-18,23.4,28.1,15:03,20.3,2:43,7.8
"119",대전,1987-07-19,24.5,30.1,15:05,19.8,6:35,10.3
"119",대전,1987-07-20,25.5,31.3,17:20,20.9,5:55,10.4
"119",대전,1987-07-21,24.3,25,12:00,23.4,23:50,1.6
"119",대전,1987-07-22,22.5,24.6,12:45,20.4,23:57,4.2
"119",대전,1987-07-23,22.6,26.1,16:55,20,2:35,6.1
"119",대전,1987-07-24,22.6,24.9,16:30,21.2,3:00,3.7
"119",대전,1987-07-25,23.9,29,16:35,19,6:27,10
"119",대전,1987-07-26,22.7,24,0:00,22.1,20:30,1.9
"119",대전,1987-07-27,24.5,27.7,15:13,22,6:20,5.7
"119",대전,1987-07-28,26.7,30.8,16:30,23.7,5:30,7.1
"119",대전,1987-07-29,24.6,26.5,18:10,22.5,5:30,4
"119",대전,1987-07-30,23.7,25.5,0:00,22.5,24:00:00,3
"119",대전,1987-07-31,23.6,25.5,18:05,21.6,5:47,3.9
"119",대전,1988-07-01,24.7,31.3,16:10,19.9,6:00,11.4
"119",대전,1988-07-02,24.1,26.3,9:20,21.9,24:00:00,4.4
"119",대전,1988-07-03,24,29.8,15:46,21,6:06,8.8
"119",대전,1988-07-04,23.9,29,13:51,19.7,6:21,9.3
"119",대전,1988-07-05,23.9,26.1,17:30,21.8,7:36,4.3
"119",대전,1988-07-06,26.1,31.1,16:00,22.2,4:05,8.9
"119",대전,1988-07-07,25.2,29.4,16:35,21,8:54,8.4
"119",대전,1988-07-08,24.4,26.5,11:56,23.2,3:30,3.3
"119",대전,1988-07-09,23.6,24.8,9:56,22.5,16:33,2.3
"119",대전,1988-07-10,23.1,25.8,16:51,20.9,10:52,4.9
"119",대전,1988-07-11,23.8,25,17:09,22.2,10:30,2.8
"119",대전,1988-07-12,24.3,28.3,18:03,21,6:08,7.3
"119",대전,1988-07-13,25.9,27.3,16:09,24.4,12:07,2.9
"119",대전,1988-07-14,24.4,26.6,17:03,22.8,6:10,3.8
"119",대전,1988-07-15,25.5,29.6,18:04,23,7:45,6.6
"119",대전,1988-07-16,25.3,28.3,12:34,23.3,4:20,5
"119",대전,1988-07-17,25.3,28.7,14:08,22.3,6:47,6.4
"119",대전,1988-07-18,25.5,29.5,15:03,22.6,5:50,6.9
"119",대전,1988-07-19,25.9,28.1,16:55,24.1,4:00,4
"119",대전,1988-07-20,25.1,26.4,0:21,24.1,8:34,2.3
"119",대전,1988-07-21,25.6,29.9,17:10,21.8,6:26,8.1
"119",대전,1988-07-22,22.8,24.5,0:00,21.3,11:40,3.2
"119",대전,1988-07-23,23.4,26.9,17:12,21,6:16,5.9
"119",대전,1988-07-24,24.6,28.5,14:36,21.6,24:00:00,6.9
"119",대전,1988-07-25,22.4,26.2,14:40,19.5,5:50,6.7
"119",대전,1988-07-26,22.1,25,13:30,19.9,6:20,5.1
"119",대전,1988-07-27,23.7,27.7,13:10,20,0:20,7.7
"119",대전,1988-07-28,24.7,30.1,16:00,21.2,7:00,8.9
"119",대전,1988-07-29,24.3,30.2,17:34,18.4,6:20,11.8
"119",대전,1988-07-30,23.7,30,16:43,18,6:20,12
"119",대전,1988-07-31,24.1,30.2,15:00,18.4,5:40,11.8
"119",대전,1989-07-01,22.9,28.5,16:12,19.4,5:50,9.1
"119",대전,1989-07-02,22,26.1,17:20,18.1,6:20,8
"119",대전,1989-07-03,21.5,25.9,18:04,18.7,6:30,7.2
"119",대전,1989-07-04,21.6,27.3,15:06,16.8,6:10,10.5
"119",대전,1989-07-05,22.6,28.7,15:16,18.4,1:00,10.3
"119",대전,1989-07-06,24.5,29.9,15:40,18.3,5:50,11.6
"119",대전,1989-07-07,23.6,30.4,15:05,18.6,5:56,11.8
"119",대전,1989-07-08,22.1,25.6,10:42,19.8,5:32,5.8
"119",대전,1989-07-09,21.9,26.1,15:51,19.3,5:30,6.8
"119",대전,1989-07-10,22.6,27,15:02,18.9,5:50,8.1
"119",대전,1989-07-11,21.1,22.8,17:16,19.5,12:00,3.3
"119",대전,1989-07-12,23,27.3,15:40,20.1,6:20,7.2
"119",대전,1989-07-13,24.3,29.6,15:50,20.7,5:30,8.9
"119",대전,1989-07-14,25,30.7,15:10,20.3,4:30,10.4
"119",대전,1989-07-15,22.7,25.3,11:02,21.3,21:30,4
"119",대전,1989-07-16,23.6,25.8,16:30,21,1:30,4.8
"119",대전,1989-07-17,26.4,30.1,14:41,23.2,6:09,6.9
"119",대전,1989-07-18,26.9,31.2,18:00,23.4,6:20,7.8
"119",대전,1989-07-19,28,32,15:36,24.4,3:48,7.6
"119",대전,1989-07-20,26.8,30,12:10,24.1,23:13,5.9
"119",대전,1989-07-21,24.7,27.8,18:00,22.7,5:36,5.1
"119",대전,1989-07-22,26.6,31.7,15:05,21.9,5:50,9.8
"119",대전,1989-07-23,27.4,31.7,16:10,24,6:00,7.7
"119",대전,1989-07-24,27.8,30.7,15:00,24.2,6:20,6.5
"119",대전,1989-07-25,25.2,28.4,18:00,23,7:40,5.4
"119",대전,1989-07-26,25.3,29.9,13:30,22,24:00:00,7.9
"119",대전,1989-07-27,20.4,22.2,12:02,19.7,21:15,2.5
"119",대전,1989-07-28,23.1,26.6,15:08,20.4,6:00,6.2
"119",대전,1989-07-29,24.5,26.2,17:20,21.8,6:22,4.4
"119",대전,1989-07-30,27.3,31.9,15:59,24.1,6:10,7.8
"119",대전,1989-07-31,28.6,34.3,15:06,23.1,6:10,11.2
"119",대전,1990-07-01,21.9,27.2,16:05,17,6:02,10.2
"119",대전,1990-07-02,20.5,21.3,0:00,20,21:00,1.3
"119",대전,1990-07-03,20.2,22.1,12:19,18.5,24:00:00,3.6
"119",대전,1990-07-04,21.2,26.2,15:48,18.1,4:00,8.1
"119",대전,1990-07-05,23.4,29.3,15:24,17.4,5:44,11.9
"119",대전,1990-07-06,25,28,18:10,21.8,5:50,6.2
"119",대전,1990-07-07,27.6,32.1,16:55,24.3,6:10,7.8
"119",대전,1990-07-08,26.9,30.9,14:43,23.7,6:04,7.2
"119",대전,1990-07-09,27.2,32,15:07,23.7,6:00,8.3
"119",대전,1990-07-10,27.5,31,15:20,23.6,4:50,7.4
"119",대전,1990-07-11,24.7,27.6,14:16,23.7,2:42,3.9
"119",대전,1990-07-12,24.9,30,14:30,21.6,24:00:00,8.4
"119",대전,1990-07-13,23.7,27.1,16:30,20.9,6:30,6.2
"119",대전,1990-07-14,23.1,23.8,0:00,22.3,24:00:00,1.5
"119",대전,1990-07-15,24.7,29.3,15:30,21.6,6:20,7.7
"119",대전,1990-07-16,24.6,28.1,13:57,22.2,24:00:00,5.9
"119",대전,1990-07-17,23.5,26.5,16:23,21.6,2:00,4.9
"119",대전,1990-07-18,24.4,25.5,3:10,22.2,24:00:00,3.3
"119",대전,1990-07-19,25,29.1,15:08,21.5,1:27,7.6
"119",대전,1990-07-20,26.2,30.1,16:24,23.7,5:00,6.4
"119",대전,1990-07-21,26.3,27.8,14:48,24.9,24:00:00,2.9
"119",대전,1990-07-22,26.3,29.2,15:07,23.7,5:23,5.5
"119",대전,1990-07-23,25.6,27.5,17:14,23.7,6:00,3.8
"119",대전,1990-07-24,26.1,28.1,15:20,23.9,10:30,4.2
"119",대전,1990-07-25,25.8,30.4,16:20,23.3,8:30,7.1
"119",대전,1990-07-26,25.7,30.1,16:14,24.2,7:15,5.9
"119",대전,1990-07-27,27.3,31.5,16:07,24.1,6:00,7.4
"119",대전,1990-07-28,28.3,32.2,17:00,25,6:08,7.2
"119",대전,1990-07-29,28,32.9,15:05,24.8,6:10,8.1
"119",대전,1990-07-30,27.5,33.4,14:17,24.3,5:20,9.1
"119",대전,1990-07-31,26.6,32.3,15:06,23.2,6:07,9.1
"119",대전,1991-07-01,22.7,26.4,17:15,20.1,24:00:00,6.3
"119",대전,1991-07-02,23.1,28.7,17:14,17.1,5:49,11.6
"119",대전,1991-07-03,24.2,30.9,17:10,19.8,5:50,11.1
"119",대전,1991-07-04,25.9,30.4,15:02,22.6,5:00,7.8
"119",대전,1991-07-05,25,29.7,16:02,20.9,5:46,8.8
"119",대전,1991-07-06,24.6,29.7,17:52,20.9,3:00,8.8
"119",대전,1991-07-07,21.8,24.9,1:51,18.3,24:00:00,6.6
"119",대전,1991-07-08,21,24.6,17:47,17.3,6:00,7.3
"119",대전,1991-07-09,21.9,23.7,11:51,18.8,6:00,4.9
"119",대전,1991-07-10,22.8,26.8,15:03,20.5,6:00,6.3
"119",대전,1991-07-11,21.8,24.1,13:27,20.4,1:00,3.7
"119",대전,1991-07-12,23.8,29.3,16:08,19.3,6:00,10
"119",대전,1991-07-13,23.8,29.4,14:57,19.7,6:00,9.7
"119",대전,1991-07-14,24.5,28.7,16:03,21.8,6:00,6.9
"119",대전,1991-07-15,23.1,24.5,10:39,22.1,23:00,2.4
"119",대전,1991-07-16,24.2,28.3,15:38,22,5:00,6.3
"119",대전,1991-07-17,23.5,26.4,16:50,22.4,3:12,4
"119",대전,1991-07-18,24.4,28,14:03,22.3,3:50,5.7
"119",대전,1991-07-19,25.1,28.3,18:02,22.5,2:00,5.8
"119",대전,1991-07-20,23.9,26.7,12:10,22.1,13:20,4.6
"119",대전,1991-07-21,24.3,25.5,8:05,22.5,11:40,3
"119",대전,1991-07-22,26,28.5,14:07,23.8,0:00,4.7
"119",대전,1991-07-23,24.8,27,17:31,22.8,9:00,4.2
"119",대전,1991-07-24,25.1,27,16:08,22.8,24:00:00,4.2
"119",대전,1991-07-25,23.5,25.7,14:18,21.6,5:32,4.1
"119",대전,1991-07-26,23.7,28.6,14:54,20.1,4:36,8.5
"119",대전,1991-07-27,24.8,30,15:15,21.1,3:00,8.9
"119",대전,1991-07-28,27.1,32.3,12:22,23,3:00,9.3
"119",대전,1991-07-29,28,30.5,16:36,25.3,5:00,5.2
"119",대전,1991-07-30,25.3,28.5,15:11,22.6,24:00:00,5.9
"119",대전,1991-07-31,24.8,29.1,15:10,21.2,3:30,7.9
"119",대전,1992-07-01,22.1,27.6,14:05,18.2,5:50,9.4
"119",대전,1992-07-02,22.6,26.4,14:40,20.3,2:00,6.1
"119",대전,1992-07-03,21,23.2,18:05,19.9,2:50,3.3
"119",대전,1992-07-04,23.5,28.4,14:56,21,5:00,7.4
"119",대전,1992-07-05,23,29.2,15:04,19.1,5:00,10.1
"119",대전,1992-07-06,25.2,32.3,14:03,18.8,5:43,13.5
"119",대전,1992-07-07,24.3,30.4,14:11,19.8,5:23,10.6
"119",대전,1992-07-08,25.1,31.1,15:18,21.1,24:00:00,10
"119",대전,1992-07-09,23.8,28.4,15:37,18.4,5:55,10
"119",대전,1992-07-10,22.7,26.5,10:29,19.4,11:30,7.1
"119",대전,1992-07-11,22.6,25.9,15:03,20.4,5:30,5.5
"119",대전,1992-07-12,22.6,25.3,16:10,20.2,5:30,5.1
"119",대전,1992-07-13,23.3,28.1,15:40,21.2,5:20,6.9
"119",대전,1992-07-14,23.3,28.7,15:56,19.9,5:45,8.8
"119",대전,1992-07-15,24,29.3,15:08,20.2,4:17,9.1
"119",대전,1992-07-16,24.2,29,15:23,19.7,5:50,9.3
"119",대전,1992-07-17,22.3,25.2,15:05,20.7,9:00,4.5
"119",대전,1992-07-18,23.8,29.2,16:15,21,8:00,8.2
"119",대전,1992-07-19,26,30.9,15:04,22.8,3:00,8.1
"119",대전,1992-07-20,26,29.4,15:04,23.7,3:00,5.7
"119",대전,1992-07-21,26.4,28,15:10,25.2,8:23,2.8
"119",대전,1992-07-22,25.7,28.6,16:02,23.4,24:00:00,5.2
"119",대전,1992-07-23,26,30.3,15:09,23,6:00,7.3
"119",대전,1992-07-24,26.2,30.2,14:54,23.4,3:50,6.8
"119",대전,1992-07-25,25.9,30,16:15,24.3,6:00,5.7
"119",대전,1992-07-26,26.4,31.1,14:37,23.3,7:00,7.8
"119",대전,1992-07-27,25.2,27,12:07,24,3:10,3
"119",대전,1992-07-28,26.7,31.4,16:02,24.7,5:00,6.7
"119",대전,1992-07-29,26.7,31.9,15:08,23.9,3:00,8
"119",대전,1992-07-30,25.8,27.6,11:57,24.5,5:00,3.1
"119",대전,1992-07-31,26.5,30.4,16:20,22.9,6:50,7.5
"119",대전,1993-07-01,22.4,28,15:40,18.6,5:35,9.4
"119",대전,1993-07-02,23,29.2,15:37,18.9,4:00,10.3
"119",대전,1993-07-03,22.2,28.6,15:52,18.5,6:20,10.1
"119",대전,1993-07-04,24.4,30.8,15:48,18.8,5:50,12
"119",대전,1993-07-05,25.5,31.2,15:40,20,5:52,11.2
"119",대전,1993-07-06,23,28.2,13:51,19.4,5:18,8.8
"119",대전,1993-07-07,23.3,29.2,13:16,18.8,6:00,10.4
"119",대전,1993-07-08,22.9,26.1,15:15,20.4,9:00,5.7
"119",대전,1993-07-09,24,27.4,14:55,21.4,1:40,6
"119",대전,1993-07-10,25.6,29.4,14:55,22.6,2:31,6.8
"119",대전,1993-07-11,23.2,26.2,12:05,21.5,14:31,4.7
"119",대전,1993-07-12,23.7,26.5,18:10,21.5,5:50,5
"119",대전,1993-07-13,23.2,24.3,20:32,22.4,8:15,1.9
"119",대전,1993-07-14,24.1,28.3,12:45,21.4,5:00,6.9
"119",대전,1993-07-15,24.1,29.4,16:25,20.8,4:00,8.6
"119",대전,1993-07-16,24.2,27.2,11:32,20.4,24:00:00,6.8
"119",대전,1993-07-17,19.3,20.4,0:00,19,9:00,1.4
"119",대전,1993-07-18,22.6,26.7,15:30,18.1,6:00,8.6
"119",대전,1993-07-19,23,27.2,17:14,18.3,6:00,8.9
"119",대전,1993-07-20,21.8,26.8,16:55,16.8,5:43,10
"119",대전,1993-07-21,21.8,27.1,16:25,16.3,3:40,10.8
"119",대전,1993-07-22,22,27.2,16:10,16.5,6:00,10.7
"119",대전,1993-07-23,23.1,27.6,13:55,18.6,5:52,9
"119",대전,1993-07-24,22.3,24.3,16:10,20.7,7:15,3.6
"119",대전,1993-07-25,22.7,26.6,15:50,20.3,5:00,6.3
"119",대전,1993-07-26,22.5,25.9,16:08,19.3,5:13,6.6
"119",대전,1993-07-27,23.8,28.2,12:50,21.7,22:00,6.5
"119",대전,1993-07-28,25.1,30.2,14:45,21,6:00,9.2
"119",대전,1993-07-29,21.6,24.1,0:25,20.9,5:50,3.2
"119",대전,1993-07-30,23.4,27.2,12:16,21.1,6:30,6.1
"119",대전,1993-07-31,25,29.1,15:35,22.1,6:00,7
"119",대전,1994-07-01,23.3,24.7,7:26,22.3,24:00:00,2.4
"119",대전,1994-07-02,24.9,28.8,18:00,19.8,0:30,9
"119",대전,1994-07-03,26.4,29.5,15:24,23.7,2:55,5.8
"119",대전,1994-07-04,26.3,29.8,12:02,22.3,5:15,7.5
"119",대전,1994-07-05,24.8,26.6,0:00,23.1,15:00,3.5
"119",대전,1994-07-06,26.7,30.9,15:09,24,5:00,6.9
"119",대전,1994-07-07,26,27.4,14:40,24.5,5:22,2.9
"119",대전,1994-07-08,26.8,31.3,16:57,23.8,7:00,7.5
"119",대전,1994-07-09,28.7,32.9,15:08,25.1,5:20,7.8
"119",대전,1994-07-10,27.6,30.1,15:05,25,5:45,5.1
"119",대전,1994-07-11,27.7,31.9,15:22,25,5:40,6.9
"119",대전,1994-07-12,28.9,34.3,16:30,22.6,6:20,11.7
"119",대전,1994-07-13,30.5,34.6,15:04,26.3,5:55,8.3
"119",대전,1994-07-14,29,31.6,14:15,26.5,24:00:00,5.1
"119",대전,1994-07-15,28.6,33.4,16:02,25.7,5:34,7.7
"119",대전,1994-07-16,28.9,34,15:26,25,5:30,9
"119",대전,1994-07-17,29.5,35,16:00,24.5,5:52,10.5
"119",대전,1994-07-18,30.7,35.7,15:13,26,5:40,9.7
"119",대전,1994-07-19,29.2,33.4,15:10,25.3,5:52,8.1
"119",대전,1994-07-20,28.8,33.5,15:00,25.2,3:55,8.3
"119",대전,1994-07-21,29.1,34,14:48,25.6,2:58,8.4
"119",대전,1994-07-22,29.8,35.2,15:21,25.2,5:51,10
"119",대전,1994-07-23,31.5,37.3,16:15,26.6,5:52,10.7
"119",대전,1994-07-24,31.6,37.2,16:00,26.2,6:14,11
"119",대전,1994-07-25,31.4,36.7,16:24,26.4,6:30,10.3
"119",대전,1994-07-26,30.8,36.1,15:50,26.1,6:15,10
"119",대전,1994-07-27,30.5,35.4,16:42,27.1,6:54,8.3
"119",대전,1994-07-28,30.6,34.9,16:32,26,6:08,8.9
"119",대전,1994-07-29,30.8,34.1,14:30,27.5,6:03,6.6
"119",대전,1994-07-30,29.5,32.6,13:06,27.1,6:40,5.5
"119",대전,1994-07-31,29.8,34.7,14:20,25.8,4:10,8.9
"119",대전,1995-07-01,22.5,27.2,16:20,19,1:40,8.2
"119",대전,1995-07-02,22.7,25.4,14:30,19.4,6:22,6
"119",대전,1995-07-03,22.4,26.2,14:54,19.2,5:00,7
"119",대전,1995-07-04,21.6,26.4,14:57,17,5:00,9.4
"119",대전,1995-07-05,21.9,27,16:07,16,6:10,11
"119",대전,1995-07-06,22.9,27.1,15:00,19,6:10,8.1
"119",대전,1995-07-07,24.8,30.6,15:34,19.3,5:58,11.3
"119",대전,1995-07-08,23.3,25.1,24:00:00,21.5,10:10,3.6
"119",대전,1995-07-09,24.3,25.6,11:36,23.5,7:30,2.1
"119",대전,1995-07-10,24.4,25.2,15:03,21.5,5:28,3.7
"119",대전,1995-07-11,24.8,27.1,18:00,23.3,5:10,3.8
"119",대전,1995-07-12,26.7,28.9,15:12,24.1,5:30,4.8
"119",대전,1995-07-13,25.1,26.7,0:00,24,22:20,2.7
"119",대전,1995-07-14,25.7,28.2,16:17,23.5,6:07,4.7
"119",대전,1995-07-15,26,29,14:20,23.5,6:03,5.5
"119",대전,1995-07-16,24.6,27,12:45,21.5,23:55,5.5
"119",대전,1995-07-17,23.6,27.9,15:27,20.7,6:20,7.2
"119",대전,1995-07-18,24.2,29,15:43,19,5:40,10
"119",대전,1995-07-19,21.4,23.7,0:00,18.8,10:20,4.9
"119",대전,1995-07-20,21.2,22.6,11:00,20,24:00:00,2.6
"119",대전,1995-07-21,22.8,27.7,14:05,18.3,6:10,9.4
"119",대전,1995-07-22,26.1,30.8,16:00,18.5,5:34,12.3
"119",대전,1995-07-23,28.8,32.9,16:41,24.3,5:10,8.6
"119",대전,1995-07-24,26.8,30.4,15:03,24.1,7:00,6.3
"119",대전,1995-07-25,26.8,31.4,17:38,23.2,2:17,8.2
"119",대전,1995-07-26,28.6,32.4,15:05,23.8,6:20,8.6
"119",대전,1995-07-27,27.6,31.2,14:24,22.5,6:20,8.7
"119",대전,1995-07-28,27.3,31.7,14:53,22.5,6:20,9.2
"119",대전,1995-07-29,25.9,30.4,15:31,22,5:02,8.4
"119",대전,1995-07-30,27.3,31.3,15:00,22,4:50,9.3
"119",대전,1995-07-31,28,31.3,15:37,24.8,6:15,6.5
"119",대전,1996-07-01,23.2,29.4,14:47,19.8,5:58,9.6
"119",대전,1996-07-02,22.8,26.8,15:10,20.1,5:46,6.7
"119",대전,1996-07-03,24.5,29.8,17:07,19.8,6:03,10
"119",대전,1996-07-04,22.6,24.4,9:56,20.8,5:26,3.6
"119",대전,1996-07-05,23.6,30,15:37,19,6:30,11
"119",대전,1996-07-06,22.8,26.3,17:21,19.5,4:13,6.8
"119",대전,1996-07-07,24.1,30.5,15:52,20.2,6:03,10.3
"119",대전,1996-07-08,23.2,30,15:50,16.4,6:30,13.6
"119",대전,1996-07-09,23,30.6,16:47,16.1,6:20,14.5
"119",대전,1996-07-10,23.7,28.9,14:02,17.5,5:59,11.4
"119",대전,1996-07-11,24.3,28.3,14:39,19.5,5:49,8.8
"119",대전,1996-07-12,23.8,29,13:56,20.8,6:04,8.2
"119",대전,1996-07-13,23.1,26.4,16:30,20.5,4:00,5.9
"119",대전,1996-07-14,23.3,28,16:39,20.3,7:05,7.7
"119",대전,1996-07-15,23.6,26.7,20:52,21.3,2:55,5.4
"119",대전,1996-07-16,23.2,25.6,17:43,20.5,8:52,5.1
"119",대전,1996-07-17,25,31.2,15:48,20.4,5:57,10.8
"119",대전,1996-07-18,28,34.2,15:55,22,6:11,12.2
"119",대전,1996-07-19,26.6,32.9,15:27,24,3:02,8.9
"119",대전,1996-07-20,25.9,28.2,14:30,24,4:30,4.2
"119",대전,1996-07-21,25.5,28.1,13:38,24.6,5:10,3.5
"119",대전,1996-07-22,24.5,28.1,15:58,22.5,8:59,5.6
"119",대전,1996-07-23,26.2,31.4,14:57,21.7,3:05,9.7
"119",대전,1996-07-24,27.6,31.1,16:13,25.6,5:50,5.5
"119",대전,1996-07-25,27.7,31.4,14:49,25.1,6:10,6.3
"119",대전,1996-07-26,26.6,30,16:07,23.5,20:57,6.5
"119",대전,1996-07-27,26.8,30.8,14:22,24,1:30,6.8
"119",대전,1996-07-28,25.8,30.4,16:11,22.6,8:38,7.8
"119",대전,1996-07-29,28.9,33.6,14:55,25.4,6:16,8.2
"119",대전,1996-07-30,28.3,33.2,14:50,24.8,6:01,8.4
"119",대전,1996-07-31,28.9,34.6,15:52,23.8,5:58,10.8
"119",대전,1997-07-01,22.3,23.5,17:00,20.8,3:30,2.7
"119",대전,1997-07-02,24.9,28.9,17:58,21.9,5:20,7
"119",대전,1997-07-03,25.6,29,12:52,24.3,4:10,4.7
"119",대전,1997-07-04,24.2,25.5,0:05,23,24:00:00,2.5
"119",대전,1997-07-05,21,23.4,0:28,19.3,24:00:00,4.1
"119",대전,1997-07-06,19.8,22.4,17:48,18.3,1:40,4.1
"119",대전,1997-07-07,22.1,27.2,18:03,17.1,2:20,10.1
"119",대전,1997-07-08,23.5,28.4,14:54,19.7,5:30,8.7
"119",대전,1997-07-09,23.9,27.8,14:52,20.4,6:15,7.4
"119",대전,1997-07-10,26.1,31.5,14:35,19.8,6:09,11.7
"119",대전,1997-07-11,25.4,30.1,14:28,21.9,24:00:00,8.2
"119",대전,1997-07-12,22.3,24.8,15:32,20,3:00,4.8
"119",대전,1997-07-13,25.1,29.5,14:32,20.9,6:03,8.6
"119",대전,1997-07-14,24.9,29.2,15:00,21.3,3:12,7.9
"119",대전,1997-07-15,23.7,25.3,17:00,21.7,8:09,3.6
"119",대전,1997-07-16,25.4,28.5,16:56,23.3,1:25,5.2
"119",대전,1997-07-17,26,29.8,16:21,22.5,6:31,7.3
"119",대전,1997-07-18,26,31.5,16:02,22.2,14:40,9.3
"119",대전,1997-07-19,27.6,32.9,15:44,22.2,5:48,10.7
"119",대전,1997-07-20,28,32.6,17:12,24,5:58,8.6
"119",대전,1997-07-21,28.2,32,17:00,25.1,4:32,6.9
"119",대전,1997-07-22,28.1,33.3,15:58,24,6:10,9.3
"119",대전,1997-07-23,27.9,33.1,14:57,23.5,6:20,9.6
"119",대전,1997-07-24,29.2,33.4,16:06,25,3:35,8.4
"119",대전,1997-07-25,28.2,32.3,12:50,24.5,1:00,7.8
"119",대전,1997-07-26,29.2,33.9,15:03,24.3,6:25,9.6
"119",대전,1997-07-27,28.6,32.2,12:57,24.8,6:12,7.4
"119",대전,1997-07-28,28.7,33,14:30,25.2,5:00,7.8
"119",대전,1997-07-29,28.9,33.4,14:52,26,6:00,7.4
"119",대전,1997-07-30,28.9,33.7,15:14,25.4,5:07,8.3
"119",대전,1997-07-31,28.8,32.5,15:09,25.7,4:50,6.8
"119",대전,1998-07-01,22.4,23.7,9:08,21.5,20:40,2.2
"119",대전,1998-07-02,22.4,23.7,15:52,21.7,0:00,2
"119",대전,1998-07-03,23.3,26.3,14:02,21.5,2:40,4.8
"119",대전,1998-07-04,24.4,28.8,15:26,21.3,4:45,7.5
"119",대전,1998-07-05,24,29.5,15:56,20,4:40,9.5
"119",대전,1998-07-06,26.8,31.1,15:55,23,4:45,8.1
"119",대전,1998-07-07,27.1,30.5,12:50,24.8,5:30,5.7
"119",대전,1998-07-08,24.9,26.6,2:58,23.9,21:50,2.7
"119",대전,1998-07-09,25.3,27,15:23,23.8,0:45,3.2
"119",대전,1998-07-10,24.6,26.1,0:25,23.9,22:42,2.2
"119",대전,1998-07-11,25.2,29.1,16:15,22.8,4:35,6.3
"119",대전,1998-07-12,26.2,29.3,17:06,23.6,6:30,5.7
"119",대전,1998-07-13,26.1,29.7,16:05,22.7,5:52,7
"119",대전,1998-07-14,24.7,29.4,14:53,22.2,7:40,7.2
"119",대전,1998-07-15,24.8,27.5,17:15,21.5,2:40,6
"119",대전,1998-07-16,25.1,29,17:55,22.7,24:00:00,6.3
"119",대전,1998-07-17,25.3,29.8,15:50,20,6:08,9.8
"119",대전,1998-07-18,25,28.9,13:35,21.9,5:45,7
"119",대전,1998-07-19,21.6,23.1,10:10,20.7,24:00:00,2.4
"119",대전,1998-07-20,25.3,30.3,16:40,20.2,0:50,10.1
"119",대전,1998-07-21,24.3,29.7,11:58,22.7,14:55,7
"119",대전,1998-07-22,25.9,30.2,15:50,21.4,6:10,8.8
"119",대전,1998-07-23,26.7,31,15:58,22.3,6:03,8.7
"119",대전,1998-07-24,26.2,30,16:02,22.5,4:36,7.5
"119",대전,1998-07-25,25.1,29,13:10,22,23:40,7
"119",대전,1998-07-26,24,28.1,18:02,20.4,6:04,7.7
"119",대전,1998-07-27,26.2,30.7,14:57,20.9,5:58,9.8
"119",대전,1998-07-28,27.5,32,15:03,23.6,5:56,8.4
"119",대전,1998-07-29,27.6,32.5,17:06,23,5:30,9.5
"119",대전,1998-07-30,27.6,31.4,15:59,24.1,6:50,7.3
"119",대전,1998-07-31,25.3,27.7,16:12,23.6,24:00:00,4.1
"119",대전,1999-07-01,24.7,28.9,11:57,20.7,6:20,8.2
"119",대전,1999-07-02,25.1,28.6,12:58,22.8,5:50,5.8
"119",대전,1999-07-03,25,30.3,16:20,19.7,5:20,10.6
"119",대전,1999-07-04,24.6,29.2,15:31,21,5:53,8.2
"119",대전,1999-07-05,25.1,30.4,16:10,20.6,5:40,9.8
"119",대전,1999-07-06,25.2,30.8,15:02,21.2,5:30,9.6
"119",대전,1999-07-07,25.2,30.8,15:02,20.9,5:18,9.9
"119",대전,1999-07-08,26.3,30.7,13:25,22.4,5:40,8.3
"119",대전,1999-07-09,23,26.3,16:30,20.7,6:30,5.6
"119",대전,1999-07-10,21.5,24.5,17:57,18.8,9:51,5.7
"119",대전,1999-07-11,24,29.9,17:10,18.1,4:25,11.8
"119",대전,1999-07-12,23.8,28.3,12:43,17.7,6:07,10.6
"119",대전,1999-07-13,26,30.7,15:02,20.3,6:03,10.4
"119",대전,1999-07-14,26.4,32.1,18:06,21.6,6:20,10.5
"119",대전,1999-07-15,22.5,25.6,17:51,20.4,6:55,5.2
"119",대전,1999-07-16,24.2,29.1,15:46,21.6,6:04,7.5
"119",대전,1999-07-17,24.9,30,16:20,22.2,6:00,7.8
"119",대전,1999-07-18,24.9,29.6,16:52,21.9,3:13,7.7
"119",대전,1999-07-19,26,31,15:03,22.3,5:57,8.7
"119",대전,1999-07-20,28.2,33.5,17:30,23,5:00,10.5
"119",대전,1999-07-21,28.3,33.2,17:28,24.5,6:05,8.7
"119",대전,1999-07-22,25.5,28.2,12:02,23.2,17:31,5
"119",대전,1999-07-23,25.7,29.3,16:25,23.7,6:00,5.6
"119",대전,1999-07-24,26,29.7,14:58,22.7,5:50,7
"119",대전,1999-07-25,27.2,31.5,15:50,24,5:20,7.5
"119",대전,1999-07-26,29.4,33.8,14:51,24.4,5:10,9.4
"119",대전,1999-07-27,29.1,31.8,13:45,28,2:47,3.8
"119",대전,1999-07-28,24.6,28.1,0:00,23.6,24:00:00,4.5
"119",대전,1999-07-29,24.7,26.3,18:53,23.6,0:00,2.7
"119",대전,1999-07-30,26.5,30.4,13:10,23.7,6:10,6.7
"119",대전,1999-07-31,26,27.8,15:52,24.7,6:03,3.1
"119",대전,2000-07-01,25.9,31.1,15:42,20.6,5:08,10.5
"119",대전,2000-07-02,27.4,33.6,14:41,24.1,5:35,9.5
"119",대전,2000-07-03,27.4,33,12:47,23,6:07,10
"119",대전,2000-07-04,28,34.2,13:26,22.5,4:54,11.7
"119",대전,2000-07-05,27.6,33.8,13:52,23,5:23,10.8
"119",대전,2000-07-06,27.3,32.9,14:12,22.4,5:21,10.5
"119",대전,2000-07-07,28.3,33.1,16:41,23.7,4:47,9.4
"119",대전,2000-07-08,27.2,32.9,14:56,23.1,6:08,9.8
"119",대전,2000-07-09,26.5,30.7,16:08,22.5,5:18,8.2
"119",대전,2000-07-10,28.5,34,14:55,22.3,5:30,11.7
"119",대전,2000-07-11,24,27.1,0:09,21.2,23:10,5.9
"119",대전,2000-07-12,25.7,29.1,16:29,21.5,0:00,7.6
"119",대전,2000-07-13,26.4,31,14:48,23.7,6:15,7.3
"119",대전,2000-07-14,26.9,30.7,16:16,23.6,4:40,7.1
"119",대전,2000-07-15,26.6,29.8,13:16,24.7,23:35,5.1
"119",대전,2000-07-16,25.9,28.4,10:22,23.4,5:38,5
"119",대전,2000-07-17,27.8,32.2,14:01,25.4,4:56,6.8
"119",대전,2000-07-18,28.5,33.4,13:53,25.1,5:14,8.3
"119",대전,2000-07-19,28,31.7,15:08,25.9,5:52,5.8
"119",대전,2000-07-20,28.5,32.8,14:02,25.4,5:35,7.4
"119",대전,2000-07-21,28.5,32.9,14:34,26.5,5:08,6.4
"119",대전,2000-07-22,25.6,27.5,13:23,24.1,23:54,3.4
"119",대전,2000-07-23,24.6,28.8,14:37,22.5,8:05,6.3
"119",대전,2000-07-24,26.2,31,13:49,23,0:19,8
"119",대전,2000-07-25,25.6,29.2,13:41,22.8,2:26,6.4
"119",대전,2000-07-26,27.1,32.5,14:42,22.2,5:50,10.3
"119",대전,2000-07-27,28.2,33.4,15:07,23.5,5:08,9.9
"119",대전,2000-07-28,28.8,32.2,17:01,25.9,0:11,6.3
"119",대전,2000-07-29,28.2,31.2,16:36,25.9,14:41,5.3
"119",대전,2000-07-30,25.2,27,13:06,21.6,9:19,5.4
"119",대전,2000-07-31,25,29.2,12:40,21.5,23:55,7.7
"119",대전,2001-07-01,25.1,29.4,16:18,21.1,0:04,8.3
"119",대전,2001-07-02,27.1,32,14:45,24,4:49,8
"119",대전,2001-07-03,25.1,27,15:24,23.8,8:24,3.2
"119",대전,2001-07-04,25.6,30.3,14:12,22.5,5:31,7.8
"119",대전,2001-07-05,23.7,26.3,13:22,20.7,22:26,5.6
"119",대전,2001-07-06,25.3,31.4,15:47,20.8,1:49,10.6
"119",대전,2001-07-07,25.2,30.2,13:55,21.5,4:39,8.7
"119",대전,2001-07-08,24.4,28.6,15:13,21.2,1:06,7.4
"119",대전,2001-07-09,24.5,29,13:35,20.8,5:15,8.2
"119",대전,2001-07-10,22.1,25.7,13:07,20,4:33,5.7
"119",대전,2001-07-11,24.8,29.7,15:28,21.5,3:24,8.2
"119",대전,2001-07-12,25.7,30.3,14:41,22.8,22:47,7.5
"119",대전,2001-07-13,25.8,31,14:58,21.2,3:07,9.8
"119",대전,2001-07-14,24.7,27.5,12:12,22.4,4:46,5.1
"119",대전,2001-07-15,24.1,27.1,15:49,22.8,5:12,4.3
"119",대전,2001-07-16,24.8,29.3,16:37,22.3,7:17,7
"119",대전,2001-07-17,26.2,31.6,16:06,20.3,5:22,11.3
"119",대전,2001-07-18,25.6,30.4,15:43,21.9,5:29,8.5
"119",대전,2001-07-19,25.5,31.3,15:06,20.6,4:59,10.7
"119",대전,2001-07-20,26.1,30.7,14:38,22.7,5:21,8
"119",대전,2001-07-21,25.2,26.9,10:21,23,13:53,3.9
"119",대전,2001-07-22,26.3,28,16:43,24.7,3:03,3.3
"119",대전,2001-07-23,25.8,30,17:35,23.5,11:37,6.5
"119",대전,2001-07-24,26,29.2,12:38,22.1,5:58,7.1
"119",대전,2001-07-25,28.1,32.8,16:15,24.7,5:04,8.1
"119",대전,2001-07-26,27.8,32.6,14:16,24.2,5:05,8.4
"119",대전,2001-07-27,27.3,31.5,15:47,24.2,5:03,7.3
"119",대전,2001-07-28,27.6,31.1,11:31,24.6,4:56,6.5
"119",대전,2001-07-29,24.7,26.2,3:49,22.8,7:04,3.4
"119",대전,2001-07-30,24.2,26,8:08,23.4,11:31,2.6
"119",대전,2001-07-31,25.9,31,13:47,23.6,1:33,7.4
"119",대전,2002-07-01,24.2,27.5,13:41,21.8,23:58,5.7
"119",대전,2002-07-02,23.7,28.8,15:53,20.7,5:24,8.1
"119",대전,2002-07-03,24.5,29.2,13:49,20,5:19,9.2
"119",대전,2002-07-04,26.8,31.1,13:05,20.7,4:16,10.4
"119",대전,2002-07-05,23.1,26.3,0:00,20.9,22:03,5.4
"119",대전,2002-07-06,21.8,24,5:07,20,23:52,4
"119",대전,2002-07-07,22.1,26,14:40,19.5,2:40,6.5
"119",대전,2002-07-08,23.1,27.6,15:28,19.8,4:01,7.8
"119",대전,2002-07-09,24.2,29.4,15:12,18.4,4:43,11
"119",대전,2002-07-10,25.2,30.2,14:29,22.3,6:20,7.9
"119",대전,2002-07-11,24.3,28.5,15:23,20.3,5:12,8.2
"119",대전,2002-07-12,24,27.2,14:34,20.7,5:18,6.5
"119",대전,2002-07-13,25.2,29.2,15:41,22.5,3:12,6.7
"119",대전,2002-07-14,23.5,24.9,0:00,22.1,10:57,2.8
"119",대전,2002-07-15,25.5,29.4,15:17,22.9,5:17,6.5
"119",대전,2002-07-16,23.9,28.4,13:30,21.2,23:38,7.2
"119",대전,2002-07-17,23.4,27.6,14:28,20.6,23:34,7
"119",대전,2002-07-18,24.8,29.5,16:26,19.6,2:50,9.9
"119",대전,2002-07-19,20.7,24.9,0:00,19.4,15:26,5.5
"119",대전,2002-07-20,23.2,27.8,14:57,18.1,5:41,9.7
"119",대전,2002-07-21,25.1,29.2,15:46,22.1,6:02,7.1
"119",대전,2002-07-22,23.4,26.5,11:18,21,23:55,5.5
"119",대전,2002-07-23,22.4,23.5,17:14,21,0:00,2.5
"119",대전,2002-07-24,25.2,28.9,15:49,21.3,0:24,7.6
"119",대전,2002-07-25,27.6,33.4,16:27,22.2,4:25,11.2
"119",대전,2002-07-26,27.6,30.7,14:12,24.4,6:15,6.3
"119",대전,2002-07-27,29.5,34.5,15:38,25.8,5:45,8.7
"119",대전,2002-07-28,29.5,34.1,16:00,25,5:04,9.1
"119",대전,2002-07-29,26.2,29.8,12:29,24.9,23:06,4.9
"119",대전,2002-07-30,25.8,28.7,16:10,23.6,8:48,5.1
"119",대전,2002-07-31,25.2,27.9,14:49,23.1,2:14,4.8
"119",대전,2003-07-01,22.8,27.8,16:33,20,4:54,7.8
"119",대전,2003-07-02,24.3,30.7,13:01,18.7,5:39,12
"119",대전,2003-07-03,21.3,24.5,16:28,18.5,5:02,6
"119",대전,2003-07-04,22.5,25,12:54,18.8,4:49,6.2
"119",대전,2003-07-05,24.4,29.8,14:57,19.6,5:51,10.2
"119",대전,2003-07-06,23.6,27,15:14,20.2,2:39,6.8
"119",대전,2003-07-07,24.4,27.6,11:30,20.9,4:01,6.7
"119",대전,2003-07-08,25,28.1,17:09,22,5:24,6.1
"119",대전,2003-07-09,22.6,25.1,14:32,20.6,3:41,4.5
"119",대전,2003-07-10,23.3,26.1,15:33,21.1,23:02,5
"119",대전,2003-07-11,25.1,30.6,17:15,19.8,4:40,10.8
"119",대전,2003-07-12,23.1,25.3,12:09,20.3,23:27,5
"119",대전,2003-07-13,23.3,28.4,15:04,19.6,1:18,8.8
"119",대전,2003-07-14,23.2,27.5,17:29,18.8,5:42,8.7
"119",대전,2003-07-15,24,28.4,15:51,19.4,5:18,9
"119",대전,2003-07-16,24.8,29.6,13:47,21.6,5:15,8
"119",대전,2003-07-17,24.1,27.5,14:12,20.8,5:30,6.7
"119",대전,2003-07-18,20.5,24.2,15:24,18.3,4:02,5.9
"119",대전,2003-07-19,20.7,24.1,17:12,18.7,5:06,5.4
"119",대전,2003-07-20,24.5,29.2,17:27,18.7,1:11,10.5
"119",대전,2003-07-21,26.4,30.2,14:28,23.7,4:43,6.5
"119",대전,2003-07-22,23.5,25.9,0:24,22.2,7:12,3.7
"119",대전,2003-07-23,22.6,25.6,15:41,20.3,23:16,5.3
"119",대전,2003-07-24,25.2,29.9,16:12,20.4,0:40,9.5
"119",대전,2003-07-25,26.4,30.2,16:19,23.3,5:31,6.9
"119",대전,2003-07-26,26,29,13:10,23.5,6:05,5.5
"119",대전,2003-07-27,22,25.6,0:00,20.2,10:45,5.4
"119",대전,2003-07-28,23,25.7,10:23,22,5:26,3.7
"119",대전,2003-07-29,24.8,28.8,15:20,22,1:16,6.8
"119",대전,2003-07-30,25.5,31.3,14:21,20.2,5:22,11.1
"119",대전,2003-07-31,25.3,30,12:50,21.3,4:15,8.7
"119",대전,2004-07-01,24.3,28.1,14:37,21.9,6:26,6.2
"119",대전,2004-07-02,23.1,24.7,15:28,22.1,6:54,2.6
"119",대전,2004-07-03,24.1,26.9,12:03,21.2,23:42,5.7
"119",대전,2004-07-04,22.1,24.9,21:43,20,3:04,4.9
"119",대전,2004-07-05,22.6,27.3,16:12,19.3,5:26,8
"119",대전,2004-07-06,24.4,27,14:25,21.6,6:10,5.4
"119",대전,2004-07-07,22,23.7,0:00,20.2,11:16,3.5
"119",대전,2004-07-08,21.8,25,15:40,20.3,6:25,4.7
"119",대전,2004-07-09,22.8,27.4,15:21,19.4,6:12,8
"119",대전,2004-07-10,23.6,28.6,15:38,19.1,3:37,9.5
"119",대전,2004-07-11,22.6,26.5,11:17,20,4:14,6.5
"119",대전,2004-07-12,23.3,25.2,10:48,20.9,0:00,4.3
"119",대전,2004-07-13,22.1,23.9,13:25,20.7,23:59,3.2
"119",대전,2004-07-14,23.7,27.7,14:29,20.6,0:28,7.1
"119",대전,2004-07-15,22.6,23.4,12:40,21.2,9:21,2.2
"119",대전,2004-07-16,23.3,24.8,11:16,21.9,1:35,2.9
"119",대전,2004-07-17,23.6,25.4,14:59,22.3,22:37,3.1
"119",대전,2004-07-18,26.1,29.3,16:48,23,3:13,6.3
"119",대전,2004-07-19,26.5,28.8,13:57,25.1,3:51,3.7
"119",대전,2004-07-20,25.9,28.5,14:02,24.4,7:04,4.1
"119",대전,2004-07-21,26.6,31.3,15:12,24.1,23:50,7.2
"119",대전,2004-07-22,26.7,31,14:40,23.5,5:04,7.5
"119",대전,2004-07-23,27.3,32.8,14:30,22.4,4:24,10.4
"119",대전,2004-07-24,26.9,31.1,14:48,22.9,5:20,8.2
"119",대전,2004-07-25,25.1,27.9,16:37,22.7,13:18,5.2
"119",대전,2004-07-26,26.5,30.4,15:05,23.7,2:41,6.7
"119",대전,2004-07-27,27.3,30.6,13:19,24.2,4:37,6.4
"119",대전,2004-07-28,28,32.3,15:17,25.2,3:18,7.1
"119",대전,2004-07-29,28,33.4,14:40,23.6,4:45,9.8
"119",대전,2004-07-30,28.3,33.2,14:37,23.7,5:28,9.5
"119",대전,2004-07-31,29.1,35,13:49,23.5,4:46,11.5
"119",대전,2005-07-01,24.1,25.5,16:51,22.2,10:06,3.3
"119",대전,2005-07-02,24.3,25.7,13:09,23.3,4:24,2.4
"119",대전,2005-07-03,22.1,23.9,3:07,20.5,13:45,3.4
"119",대전,2005-07-04,24.1,28.8,13:12,20.7,5:41,8.1
"119",대전,2005-07-05,22.9,26.3,14:25,20.7,4:13,5.6
"119",대전,2005-07-06,24.5,29.6,15:20,21.2,4:52,8.4
"119",대전,2005-07-07,25.2,29.7,14:39,22.6,1:34,7.1
"119",대전,2005-07-08,25.5,29.6,15:00,21.9,5:40,7.7
"119",대전,2005-07-09,23.3,25,16:09,21.5,7:13,3.5
"119",대전,2005-07-10,23.5,25.6,17:01,21.1,4:37,4.5
"119",대전,2005-07-11,21.1,23.8,0:04,19.9,22:26,3.9
"119",대전,2005-07-12,23.3,27.5,16:07,18.9,5:01,8.6
"119",대전,2005-07-13,23.8,27.9,15:36,21.8,5:27,6.1
"119",대전,2005-07-14,25.1,30.2,16:38,21.6,5:29,8.6
"119",대전,2005-07-15,26.4,30.8,15:18,22.4,4:56,8.4
"119",대전,2005-07-16,25.9,29.2,13:35,23.6,4:22,5.6
"119",대전,2005-07-17,25,28.4,14:52,21.7,5:48,6.7
"119",대전,2005-07-18,26.2,31,14:23,23.3,23:57,7.7
"119",대전,2005-07-19,25.8,30.4,15:49,22.4,3:52,8
"119",대전,2005-07-20,25.8,31.1,15:11,22.7,4:31,8.4
"119",대전,2005-07-21,26.2,32.4,14:52,23,5:54,9.4
"119",대전,2005-07-22,27.3,33.5,13:17,22.3,5:55,11.2
"119",대전,2005-07-23,28.7,34.1,13:27,23.9,4:57,10.2
"119",대전,2005-07-24,28.9,33.3,14:27,25.6,3:37,7.7
"119",대전,2005-07-25,28.3,31.9,16:05,25.5,3:48,6.4
"119",대전,2005-07-26,27.6,32,13:12,24.8,23:26,7.2
"119",대전,2005-07-27,26.7,30.3,14:29,24.4,3:28,5.9
"119",대전,2005-07-28,23.7,26.3,0:00,22.6,12:32,3.7
"119",대전,2005-07-29,25.7,29.7,14:54,22.4,5:38,7.3
"119",대전,2005-07-30,26.3,30.6,13:56,23.6,6:12,7
"119",대전,2005-07-31,27,30.7,15:55,22.8,4:58,7.9
"119",대전,2006-07-01,22.9,25.7,13:58,20.9,23:16,4.8
"119",대전,2006-07-02,22.9,27.7,15:35,20.3,1:02,7.4
"119",대전,2006-07-03,24.4,29.9,15:49,19.4,4:08,10.5
"119",대전,2006-07-04,23.1,25.3,14:35,21.6,5:41,3.7
"119",대전,2006-07-05,22.5,25.7,14:43,20.6,1:36,5.1
"119",대전,2006-07-06,21.2,22.8,14:00,20,4:19,2.8
"119",대전,2006-07-07,23.4,28.3,15:53,19.9,1:40,8.4
"119",대전,2006-07-08,25.6,29.9,15:40,20.9,3:37,9
"119",대전,2006-07-09,26,29,10:27,23.3,4:58,5.7
"119",대전,2006-07-10,24.2,26.6,8:02,21.9,22:26,4.7
"119",대전,2006-07-11,24.6,28.8,14:32,21.1,3:41,7.7
"119",대전,2006-07-12,24.7,26.7,14:50,23.1,3:50,3.6
"119",대전,2006-07-13,26.6,30,14:42,24.4,7:55,5.6
"119",대전,2006-07-14,28.2,31.8,15:07,24.9,5:26,6.9
"119",대전,2006-07-15,26.1,29.4,11:56,22.5,24:00:00,6.9
"119",대전,2006-07-16,20.1,25.4,2:55,18.3,9:55,7.1
"119",대전,2006-07-17,19.9,21.8,15:08,18.6,5:05,3.2
"119",대전,2006-07-18,20,21.3,15:46,18.5,5:20,2.8
"119",대전,2006-07-19,21.9,24.4,15:58,19.2,4:18,5.2
"119",대전,2006-07-20,21.4,26.1,13:03,19.5,22:48,6.6
"119",대전,2006-07-21,22.6,27.4,16:11,19.2,1:59,8.2
"119",대전,2006-07-22,23.4,27.6,13:30,19.7,23:50,7.9
"119",대전,2006-07-23,22.7,28,15:37,18.4,4:02,9.6
"119",대전,2006-07-24,22.9,26.8,13:07,20.3,5:29,6.5
"119",대전,2006-07-25,24.4,30.1,15:40,19.7,5:44,10.4
"119",대전,2006-07-26,21.7,23.8,14:38,20.6,3:01,3.2
"119",대전,2006-07-27,22.8,25.9,14:39,21.3,3:16,4.6
"119",대전,2006-07-28,22.1,23,17:02,21.1,3:41,1.9
"119",대전,2006-07-29,24.6,27.3,14:36,22.6,0:00,4.7
"119",대전,2006-07-30,26.6,31,16:07,24.4,5:40,6.6
"119",대전,2006-07-31,27.1,31.8,15:15,24.1,5:42,7.7
"119",대전,2007-07-01,20.9,23.8,0:00,19.5,8:14,4.3
"119",대전,2007-07-02,21.4,23.1,16:41,19.6,5:03,3.5
"119",대전,2007-07-03,23.7,27.2,16:45,21.3,5:22,5.9
"119",대전,2007-07-04,22,26.1,17:09,20.2,8:15,5.9
"119",대전,2007-07-05,22.3,25.2,16:17,19.7,1:12,5.5
"119",대전,2007-07-06,25.7,31.1,15:19,21.1,5:48,10
"119",대전,2007-07-07,25.7,30.7,14:31,21.7,5:42,9
"119",대전,2007-07-08,25.5,30.5,15:35,21.2,3:31,9.3
"119",대전,2007-07-09,25,29.7,15:29,21,23:52,8.7
"119",대전,2007-07-10,22,24.7,12:04,19.2,2:58,5.5
"119",대전,2007-07-11,20.8,23.8,17:07,18.2,6:16,5.6
"119",대전,2007-07-12,23.4,27.2,14:21,20.2,5:43,7
"119",대전,2007-07-13,25.4,29.8,15:03,19.7,3:34,10.1
"119",대전,2007-07-14,24.7,29.5,14:16,22.2,4:20,7.3
"119",대전,2007-07-15,24.6,28.7,15:44,19.5,5:55,9.2
"119",대전,2007-07-16,21.2,25.6,0:02,20,22:46,5.6
"119",대전,2007-07-17,21.6,26,16:47,19.2,5:58,6.8
"119",대전,2007-07-18,24.8,30.2,15:16,18.2,4:58,12
"119",대전,2007-07-19,23.7,25.3,1:37,22.7,7:30,2.6
"119",대전,2007-07-20,25,30.3,15:50,22.5,4:13,7.8
"119",대전,2007-07-21,23,25,15:58,21.3,6:04,3.7
"119",대전,2007-07-22,24,29.5,15:18,20.5,5:32,9
"119",대전,2007-07-23,24.1,28.3,13:50,20.7,4:18,7.6
"119",대전,2007-07-24,23.3,26.5,16:22,20.2,5:27,6.3
"119",대전,2007-07-25,24,26.2,15:11,22.6,22:38,3.6
"119",대전,2007-07-26,26.5,31.1,15:59,22.8,5:33,8.3
"119",대전,2007-07-27,26.9,30.8,15:13,24.2,4:01,6.6
"119",대전,2007-07-28,25,27.3,14:51,23.7,6:26,3.6
"119",대전,2007-07-29,24.8,27.3,15:35,23.2,3:40,4.1
"119",대전,2007-07-30,26,30.6,14:49,21.8,2:53,8.8
"119",대전,2007-07-31,25.5,29.8,14:54,21.5,5:23,8.3
"119",대전,2008-07-01,24.7,29.2,15:40,20.3,4:28,8.9
"119",대전,2008-07-02,23.6,26.8,13:50,21.7,4:36,5.1
"119",대전,2008-07-03,22.6,26.6,16:33,20.6,4:18,6
"119",대전,2008-07-04,25.1,29.1,11:55,21.9,1:07,7.2
"119",대전,2008-07-05,25.1,28.5,12:10,22.5,4:08,6
"119",대전,2008-07-06,26.9,31.4,16:17,24.4,5:15,7
"119",대전,2008-07-07,25.5,29,16:02,23.5,6:57,5.5
"119",대전,2008-07-08,27.5,33,15:58,23.3,2:29,9.7
"119",대전,2008-07-09,26.8,32.4,13:24,21.9,5:29,10.5
"119",대전,2008-07-10,26.1,30.8,14:12,21.9,5:47,8.9
"119",대전,2008-07-11,27,29.9,15:58,23.9,4:26,6
"119",대전,2008-07-12,25.6,29.4,16:03,23,3:40,6.4
"119",대전,2008-07-13,25.9,30.1,16:00,23.3,4:50,6.8
"119",대전,2008-07-14,27.3,32.7,15:21,21.8,4:57,10.9
"119",대전,2008-07-15,28.2,32.2,15:22,25.1,4:17,7.1
"119",대전,2008-07-16,24.9,28.3,10:10,21.8,23:58,6.5
"119",대전,2008-07-17,25.1,30.5,15:04,20.8,3:49,9.7
"119",대전,2008-07-18,26.5,31.5,13:42,21.6,6:04,9.9
"119",대전,2008-07-19,24.2,26.2,0:19,23.1,17:02,3.1
"119",대전,2008-07-20,26.2,30.6,12:12,23.5,21:53,7.1
"119",대전,2008-07-21,24,26.5,15:19,22.3,8:23,4.2
"119",대전,2008-07-22,25,28.9,13:21,22.4,2:08,6.5
"119",대전,2008-07-23,24.8,28,12:24,21.6,4:18,6.4
"119",대전,2008-07-24,24.2,26.3,16:21,21.8,0:45,4.5
"119",대전,2008-07-25,24.5,29.3,14:42,22.8,5:26,6.5
"119",대전,2008-07-26,23.3,25.3,16:32,22.2,6:08,3.1
"119",대전,2008-07-27,25.6,29.5,17:34,22.7,0:03,6.8
"119",대전,2008-07-28,27.7,32.8,14:59,23.7,1:36,9.1
"119",대전,2008-07-29,28.5,33.3,14:50,24.3,5:33,9
"119",대전,2008-07-30,26.3,29,11:16,24.4,23:21,4.6
"119",대전,2008-07-31,27.5,31.4,16:07,24.1,1:01,7.3
"119",대전,2009-07-01,23.3,27.8,15:58,20.3,6:05,7.5
"119",대전,2009-07-02,21.8,24.6,17:18,18.6,12:59,6
"119",대전,2009-07-03,21.8,25.7,11:13,19,4:09,6.7
"119",대전,2009-07-04,23.4,28.6,15:18,18.9,2:49,9.7
"119",대전,2009-07-05,24.6,30.2,15:01,19.5,4:58,10.7
"119",대전,2009-07-06,25,30,13:14,20.4,4:32,9.6
"119",대전,2009-07-07,23.9,28.3,16:15,21.1,6:08,7.2
"119",대전,2009-07-08,25.9,31.5,15:22,21.1,3:17,10.4
"119",대전,2009-07-09,22.4,25.2,0:02,19,23:33,6.2
"119",대전,2009-07-10,23.3,29.6,14:40,18.6,0:57,11
"119",대전,2009-07-11,24.2,29.8,13:37,19.9,4:33,9.9
"119",대전,2009-07-12,21.8,25.9,13:50,19.3,4:32,6.6
"119",대전,2009-07-13,23.4,28.1,14:31,20.4,5:05,7.7
"119",대전,2009-07-14,23.5,26.6,11:04,20.3,0:30,6.3
"119",대전,2009-07-15,23.4,27,15:49,20.6,4:13,6.4
"119",대전,2009-07-16,26.1,31.5,15:00,21,2:00,10.5
"119",대전,2009-07-17,24.7,26.8,15:49,23.3,19:26,3.5
"119",대전,2009-07-18,25.8,28.4,11:01,22.2,23:47,6.2
"119",대전,2009-07-19,24.5,29.7,14:47,21.5,4:19,8.2
"119",대전,2009-07-20,25.4,29,13:01,22.1,3:51,6.9
"119",대전,2009-07-21,24.8,28.2,13:46,21.7,23:44,6.5
"119",대전,2009-07-22,24.2,29.8,16:04,19.6,5:17,10.2
"119",대전,2009-07-23,25,30.4,15:42,19.7,4:29,10.7
"119",대전,2009-07-24,24.9,31,13:06,21.5,3:31,9.5
"119",대전,2009-07-25,22.8,27.3,14:47,18.9,6:28,8.4
"119",대전,2009-07-26,24.3,29,16:03,20.7,5:33,8.3
"119",대전,2009-07-27,24.6,28.9,11:35,20.9,5:34,8
"119",대전,2009-07-28,24.1,27,14:11,21.8,4:07,5.2
"119",대전,2009-07-29,25.2,30.1,13:09,20.6,5:40,9.5
"119",대전,2009-07-30,25.6,30.5,14:06,21.4,5:35,9.1
"119",대전,2009-07-31,25.8,31,13:56,21.8,5:24,9.2
"119",대전,2010-07-01,25.9,29.2,14:58,22.5,4:03,6.7
"119",대전,2010-07-02,25.6,27,14:34,24.8,19:39,2.2
"119",대전,2010-07-03,24.1,25.8,13:24,22.8,7:25,3
"119",대전,2010-07-04,25.5,29.4,16:50,23.8,23:40,5.6
"119",대전,2010-07-05,25.4,30.7,15:21,22.5,6:03,8.2
"119",대전,2010-07-06,26.3,31.7,15:03,22.1,3:16,9.6
"119",대전,2010-07-07,24.9,29.2,13:27,21.8,6:28,7.4
"119",대전,2010-07-08,24.4,29.2,14:28,20.9,2:26,8.3
"119",대전,2010-07-09,25.3,30.5,15:24,21.1,3:59,9.4
"119",대전,2010-07-10,26.4,30.8,14:06,21.7,4:50,9.1
"119",대전,2010-07-11,24.5,27.1,16:38,22.7,13:15,4.4
"119",대전,2010-07-12,25.6,29.8,13:17,21.3,5:20,8.5
"119",대전,2010-07-13,26.4,31.7,15:17,22.4,4:01,9.3
"119",대전,2010-07-14,25.7,29.5,12:54,22.3,4:29,7.2
"119",대전,2010-07-15,25.9,30.6,15:25,22,5:31,8.6
"119",대전,2010-07-16,24.9,28.2,8:57,23.7,10:43,4.5
"119",대전,2010-07-17,24.2,25,16:21,23.4,9:38,1.6
"119",대전,2010-07-18,26.9,31.1,15:16,24,6:01,7.1
"119",대전,2010-07-19,27.7,31.8,15:39,24.7,5:21,7.1
"119",대전,2010-07-20,29.2,33.4,16:24,24.6,3:11,8.8
"119",대전,2010-07-21,28.3,31.3,14:38,26.1,23:56,5.2
"119",대전,2010-07-22,27.4,30.9,13:05,25.3,5:32,5.6
"119",대전,2010-07-23,23.8,26.1,0:00,21.2,9:36,4.9
"119",대전,2010-07-24,25.8,30.1,15:02,22.6,6:07,7.5
"119",대전,2010-07-25,25.9,29.9,14:34,23.9,5:05,6
"119",대전,2010-07-26,26.2,29.8,15:30,23.8,5:04,6
"119",대전,2010-07-27,27.2,31.7,14:01,23.9,4:29,7.8
"119",대전,2010-07-28,27,30.5,10:52,23.9,2:52,6.6
"119",대전,2010-07-29,27,30.7,14:21,25.1,3:52,5.6
"119",대전,2010-07-30,26.7,29.9,15:07,24.9,4:26,5
"119",대전,2010-07-31,26.8,30.7,15:57,24.1,4:22,6.6
"119",대전,2011-07-01,25.6,29.9,14:04,23.3,1:56,6.6
"119",대전,2011-07-02,25.2,29.8,15:53,22.6,4:11,7.2
"119",대전,2011-07-03,22.6,25,0:12,20.2,19:24,4.8
"119",대전,2011-07-04,22.5,27.9,14:47,18.6,7:27,9.3
"119",대전,2011-07-05,23.4,30.9,16:55,18.7,4:24,12.2
"119",대전,2011-07-06,25,32,15:12,18.9,4:08,13.1
"119",대전,2011-07-07,23.2,25.8,10:37,21.9,23:17,3.9
"119",대전,2011-07-08,22.6,25.2,17:28,21.1,6:57,4.1
"119",대전,2011-07-09,24.7,29.7,16:58,21.5,4:05,8.2
"119",대전,2011-07-10,23.7,26.5,11:13,21.3,20:31,5.2
"119",대전,2011-07-11,21.7,23.1,12:51,21,8:03,2.1
"119",대전,2011-07-12,23.4,26,17:53,21.1,2:06,4.9
"119",대전,2011-07-13,24.5,26.8,16:48,22.7,5:47,4.1
"119",대전,2011-07-14,24.6,28.1,16:12,22.9,9:19,5.2
"119",대전,2011-07-15,24.2,28.4,12:07,22.2,13:36,6.2
"119",대전,2011-07-16,24.9,28.6,12:33,22.3,3:03,6.3
"119",대전,2011-07-17,26.4,31.9,15:06,23,8:23,8.9
"119",대전,2011-07-18,29.9,35.8,15:34,24.7,2:27,11.1
"119",대전,2011-07-19,29.3,34.1,13:32,25.7,2:46,8.4
"119",대전,2011-07-20,28.5,32.8,15:31,24.9,5:23,7.9
"119",대전,2011-07-21,27.6,33,15:59,23,5:50,10
"119",대전,2011-07-22,24,25.8,16:23,20.8,6:35,5
"119",대전,2011-07-23,25.9,30.2,16:05,23.4,4:34,6.8
"119",대전,2011-07-24,24.7,27.9,13:24,22.2,10:56,5.7
"119",대전,2011-07-25,26.8,30.5,13:10,24,2:26,6.5
"119",대전,2011-07-26,26.8,31,14:52,23.4,17:31,7.6
"119",대전,2011-07-27,26.3,28.9,16:34,23.8,3:52,5.1
"119",대전,2011-07-28,25.5,27.4,17:14,23.1,7:53,4.3
"119",대전,2011-07-29,27,30.9,15:29,24.6,5:50,6.3
"119",대전,2011-07-30,27.5,31.2,14:50,24.9,5:23,6.3
"119",대전,2011-07-31,25.4,27.5,8:09,24.1,18:15,3.4
"119",대전,2012-07-01,21.9,26.5,16:23,19.1,5:32,7.4
"119",대전,2012-07-02,23.8,29,16:08,20.7,0:03,8.3
"119",대전,2012-07-03,23.8,27.8,16:07,19,5:27,8.8
"119",대전,2012-07-04,24.7,28.2,13:45,23,4:53,5.2
"119",대전,2012-07-05,23.5,25.1,13:03,21.8,23:57,3.3
"119",대전,2012-07-06,21.6,22.3,11:54,20.3,21:30,2
"119",대전,2012-07-07,24.5,31.4,15:33,18,5:18,13.4
"119",대전,2012-07-08,24.7,29.8,12:44,19.6,4:38,10.2
"119",대전,2012-07-09,25.5,31.7,16:14,20.2,5:27,11.5
"119",대전,2012-07-10,25.5,29.1,10:46,21.4,23:42,7.7
"119",대전,2012-07-11,23.2,27.8,14:26,21.1,0:53,6.7
"119",대전,2012-07-12,25,28.9,13:28,21.1,4:14,7.8
"119",대전,2012-07-13,26.2,29.7,12:26,22.3,3:26,7.4
"119",대전,2012-07-14,24.4,27.9,11:51,21.9,23:12,6
"119",대전,2012-07-15,20.9,22,0:01,19.8,5:02,2.2
"119",대전,2012-07-16,22.4,26.2,16:47,19,5:00,7.2
"119",대전,2012-07-17,25.2,29,12:35,21.6,4:06,7.4
"119",대전,2012-07-18,26.6,30.5,13:50,24.4,6:31,6.1
"119",대전,2012-07-19,24.1,26,0:10,22.7,23:16,3.3
"119",대전,2012-07-20,26.2,30.6,16:15,22.6,5:08,8
"119",대전,2012-07-21,27.6,32.1,15:17,23.7,5:13,8.4
"119",대전,2012-07-22,27.4,31.5,15:20,24.5,3:49,7
"119",대전,2012-07-23,27.6,31.7,15:31,25.5,2:01,6.2
"119",대전,2012-07-24,28.1,32.9,15:32,25.1,23:34,7.8
"119",대전,2012-07-25,27.3,32.4,15:48,23.3,4:47,9.1
"119",대전,2012-07-26,27.7,32.3,13:54,23,5:43,9.3
"119",대전,2012-07-27,27.5,32,14:24,23.4,5:41,8.6
"119",대전,2012-07-28,28.1,33.1,15:27,24.3,3:37,8.8
"119",대전,2012-07-29,29,33.3,13:20,25,2:35,8.3
"119",대전,2012-07-30,28.5,32.7,14:46,25.6,3:46,7.1
"119",대전,2012-07-31,29.1,33.1,14:23,26,3:25,7.1
"119",대전,2013-07-01,26,30.9,15:26,21.7,4:24,9.2
"119",대전,2013-07-02,24.8,28.9,14:16,21.7,23:41,7.2
"119",대전,2013-07-03,25.2,31,15:00,19.6,5:21,11.4
"119",대전,2013-07-04,24.8,27.3,10:51,23.3,23:46,4
"119",대전,2013-07-05,25,30.5,14:41,21.9,5:45,8.6
"119",대전,2013-07-06,24.3,29.3,15:23,20.8,4:38,8.5
"119",대전,2013-07-07,24.5,29.2,10:13,21.5,0:35,7.7
"119",대전,2013-07-08,24.7,26.2,10:29,23.4,11:18,2.8
"119",대전,2013-07-09,25.3,28.5,14:47,23.9,9:02,4.6
"119",대전,2013-07-10,25.8,27.2,13:05,24.5,1:16,2.7
"119",대전,2013-07-11,25.2,26.4,13:33,24.3,1:30,2.1
"119",대전,2013-07-12,24.1,24.7,0:01,23.7,14:31,1
"119",대전,2013-07-13,24.9,27.1,13:35,23.5,0:32,3.6
"119",대전,2013-07-14,24.4,27.2,11:12,22.5,14:36,4.7
"119",대전,2013-07-15,26.4,30.3,16:35,23.1,0:15,7.2
"119",대전,2013-07-16,27.4,30.3,14:23,25.3,6:13,5
"119",대전,2013-07-17,24.3,26.5,0:01,23.8,7:34,2.7
"119",대전,2013-07-18,25.7,29.9,16:31,23.7,7:17,6.2
"119",대전,2013-07-19,26.7,30.9,15:08,22.6,5:39,8.3
"119",대전,2013-07-20,27,31.1,12:17,23.3,5:15,7.8
"119",대전,2013-07-21,27.1,30.4,15:02,25.5,9:56,4.9
"119",대전,2013-07-22,27.1,30.8,13:27,24.2,4:38,6.6
"119",대전,2013-07-23,25.5,27.5,16:03,24.6,9:05,2.9
"119",대전,2013-07-24,24.8,27.8,16:00,22.3,23:01,5.5
"119",대전,2013-07-25,26.1,30.7,14:05,22.1,1:04,8.6
"119",대전,2013-07-26,26,30.2,16:42,23.1,23:58,7.1
"119",대전,2013-07-27,25.4,30.7,12:56,22.2,4:20,8.5
"119",대전,2013-07-28,25.2,27,17:21,23.1,9:40,3.9
"119",대전,2013-07-29,25.8,28.3,17:39,23.7,23:16,4.6
"119",대전,2013-07-30,25.5,30.6,12:41,22.5,4:59,8.1
"119",대전,2013-07-31,26.2,30.1,13:18,24.3,23:47,5.8
"119",대전,2014-07-01,25.4,32.3,14:26,20.2,5:21,12.1
"119",대전,2014-07-02,24.8,29.9,12:14,21.9,22:22,8
"119",대전,2014-07-03,23,25,10:31,20.6,6:08,4.4
"119",대전,2014-07-04,26.1,32,14:20,20.9,5:28,11.1
"119",대전,2014-07-05,24.6,29.3,13:30,20.6,4:43,8.7
"119",대전,2014-07-06,24.5,27.7,13:14,21.6,23:48,6.1
"119",대전,2014-07-07,26.3,33.7,15:00,19.7,2:25,14
"119",대전,2014-07-08,26.1,30.4,14:27,22.1,6:42,8.3
"119",대전,2014-07-09,27,32.6,11:02,23.6,0:35,9
"119",대전,2014-07-10,27.8,32.9,13:24,23.3,23:49,9.6
"119",대전,2014-07-11,26.2,33.1,13:04,22.2,4:37,10.9
"119",대전,2014-07-12,24.8,29.1,14:46,21.9,3:49,7.2
"119",대전,2014-07-13,25.2,29.5,13:38,22.7,4:35,6.8
"119",대전,2014-07-14,25.9,31.5,14:59,21.9,5:15,9.6
"119",대전,2014-07-15,25.7,31.2,15:58,22.6,5:47,8.6
"119",대전,2014-07-16,25.9,31.5,15:55,22.5,4:20,9
"119",대전,2014-07-17,25,29.1,14:13,22.2,4:44,6.9
"119",대전,2014-07-18,24.6,30.8,15:51,19.7,6:01,11.1
"119",대전,2014-07-19,26.7,31.1,15:16,24.2,4:26,6.9
"119",대전,2014-07-20,27,32.4,15:15,24.2,2:07,8.2
"119",대전,2014-07-21,26.5,30.8,13:16,23,5:07,7.8
"119",대전,2014-07-22,25.6,28.2,12:21,23.9,3:48,4.3
"119",대전,2014-07-23,22.8,24.9,4:42,20.4,11:46,4.5
"119",대전,2014-07-24,22.9,27.2,17:15,19.8,6:07,7.4
"119",대전,2014-07-25,28.4,34.6,15:01,22.8,0:09,11.8
"119",대전,2014-07-26,23.4,27,1:03,21.4,21:14,5.6
"119",대전,2014-07-27,24.2,29.7,15:37,20.7,3:50,9
"119",대전,2014-07-28,25.8,31.2,13:16,20.3,5:13,10.9
"119",대전,2014-07-29,24.8,27.5,15:22,22.8,4:09,4.7
"119",대전,2014-07-30,27.8,33.5,15:58,23.7,4:43,9.8
"119",대전,2014-07-31,28.7,34.2,16:02,25.1,3:35,9.1
"119",대전,2015-07-01,23.4,27.8,12:29,20,23:59,7.8
"119",대전,2015-07-02,23.4,29.9,14:38,19.6,0:47,10.3
"119",대전,2015-07-03,22.7,28.8,12:58,18.8,23:31,10
"119",대전,2015-07-04,23.1,30.2,14:25,16.8,5:35,13.4
"119",대전,2015-07-05,23.3,29.7,13:46,18.1,4:53,11.6
"119",대전,2015-07-06,24.2,31.8,14:33,18.6,4:18,13.2
"119",대전,2015-07-07,24.1,28.2,17:58,20.2,3:27,8
"119",대전,2015-07-08,22.6,25.8,16:17,19.7,3:02,6.1
"119",대전,2015-07-09,25.6,30.1,13:23,22.6,4:48,7.5
"119",대전,2015-07-10,28,33.5,17:34,23.4,5:02,10.1
"119",대전,2015-07-11,29.3,35,15:38,24.7,3:38,10.3
"119",대전,2015-07-12,25,26.7,15:13,24,2:11,2.7
"119",대전,2015-07-13,23.1,25.4,17:31,21.5,11:52,3.9
"119",대전,2015-07-14,25.2,31,14:21,21.9,5:18,9.1
"119",대전,2015-07-15,27.5,34.3,15:12,21.2,3:42,13.1
"119",대전,2015-07-16,25,29.5,15:00,21.1,23:52,8.4
"119",대전,2015-07-17,24,29.5,14:51,19,4:54,10.5
"119",대전,2015-07-18,23.8,27.4,14:05,22.4,20:44,5
"119",대전,2015-07-19,24.8,29.1,16:01,20.6,7:24,8.5
"119",대전,2015-07-20,27.7,30.8,16:27,24,2:11,6.8
"119",대전,2015-07-21,26.7,30.5,15:37,24.3,5:03,6.2
"119",대전,2015-07-22,27,31.5,15:06,24.2,5:52,7.3
"119",대전,2015-07-23,26.2,30.9,12:48,24.2,5:29,6.7
"119",대전,2015-07-24,24.5,25.3,0:02,23.5,12:12,1.8
"119",대전,2015-07-25,25.4,27.4,14:27,23.6,3:26,3.8
"119",대전,2015-07-26,27.5,32.9,15:11,24,5:53,8.9
"119",대전,2015-07-27,25.9,30,16:08,24,6:58,6
"119",대전,2015-07-28,27.7,32.1,15:16,24.5,2:46,7.6
"119",대전,2015-07-29,26.3,29.6,17:41,23.9,9:01,5.7
"119",대전,2015-07-30,28.5,33.7,14:44,25.3,0:35,8.4
"119",대전,2015-07-31,27.6,32.8,13:40,25.2,4:51,7.6
"119",대전,2016-07-01,24.3,28,11:12,22.7,23:56,5.3
"119",대전,2016-07-02,23.6,27.5,14:05,20.9,7:01,6.6
"119",대전,2016-07-03,23,26.3,16:32,20.6,5:44,5.7
"119",대전,2016-07-04,22.2,23.6,18:28,21,8:41,2.6
"119",대전,2016-07-05,24.1,27,16:10,22.1,0:11,4.9
"119",대전,2016-07-06,22.5,27.3,13:46,20,23:55,7.3
"119",대전,2016-07-07,23.6,28.5,13:26,19.8,0:31,8.7
"119",대전,2016-07-08,26.8,33.7,13:51,20.3,4:51,13.4
"119",대전,2016-07-09,26.8,32.9,12:48,21.8,5:39,11.1
"119",대전,2016-07-10,26.6,33.3,14:09,21.6,5:18,11.7
"119",대전,2016-07-11,28,34.2,14:32,23,3:08,11.2
"119",대전,2016-07-12,25.5,30.4,12:44,21.3,2:08,9.1
"119",대전,2016-07-13,25.4,29.3,13:48,22.2,4:56,7.1
"119",대전,2016-07-14,26.5,31.4,12:29,23.4,4:45,8
"119",대전,2016-07-15,26.1,28.7,15:44,23,23:46,5.7
"119",대전,2016-07-16,21.3,23.5,0:01,20.1,6:36,3.4
"119",대전,2016-07-17,21.6,23.2,13:46,20.6,4:55,2.6
"119",대전,2016-07-18,23.9,28.9,15:23,20.5,3:04,8.4
"119",대전,2016-07-19,26.8,32.8,15:00,19.9,5:14,12.9
"119",대전,2016-07-20,28.6,33.2,14:26,23.9,4:08,9.3
"119",대전,2016-07-21,27.9,32.1,15:22,24.6,4:55,7.5
"119",대전,2016-07-22,29.3,33.9,15:01,25.1,5:41,8.8
"119",대전,2016-07-23,28.9,32.1,16:13,26.8,4:47,5.3
"119",대전,2016-07-24,28.7,32.5,14:16,26.8,3:38,5.7
"119",대전,2016-07-25,28.5,32.5,15:11,25.8,23:59,6.7
"119",대전,2016-07-26,28.1,32.7,13:57,24.5,5:21,8.2
"119",대전,2016-07-27,27.6,29.6,10:15,25.4,2:49,4.2
"119",대전,2016-07-28,27.9,30.9,14:53,25.4,3:21,5.5
"119",대전,2016-07-29,25.8,27.8,17:01,23.6,8:13,4.2
"119",대전,2016-07-30,28.6,33.2,14:33,25.8,0:44,7.4
"119",대전,2016-07-31,29,33.7,13:34,25.9,5:29,7.8
"119",대전,2017-07-01,23.9,28.1,12:33,21.4,3:10,6.7
"119",대전,2017-07-02,24.9,26.5,10:58,23.5,20:29,3
"119",대전,2017-07-03,24.5,27.8,13:21,23.5,23:54,4.3
"119",대전,2017-07-04,26,31.2,15:20,22.8,23:57,8.4
"119",대전,2017-07-05,27,33.6,16:18,22.7,4:04,10.9
"119",대전,2017-07-06,27.3,34,15:42,22.3,4:39,11.7
"119",대전,2017-07-07,26.4,28.7,14:01,24.3,2:19,4.4
"119",대전,2017-07-08,25.6,28.2,14:15,23.7,7:07,4.5
"119",대전,2017-07-09,26.4,31.8,15:17,22.6,22:57,9.2
"119",대전,2017-07-10,24.8,26.1,13:56,23.2,0:01,2.9
"119",대전,2017-07-11,26.1,32,15:23,22.2,5:14,9.8
"119",대전,2017-07-12,26.3,31.9,15:46,23.2,23:58,8.7
"119",대전,2017-07-13,27,32.3,15:12,21.5,4:20,10.8
"119",대전,2017-07-14,28.2,33.9,14:10,24.4,1:32,9.5
"119",대전,2017-07-15,24.3,26.1,16:40,22.7,5:06,3.4
"119",대전,2017-07-16,25.2,27.2,12:58,22.9,3:20,4.3
"119",대전,2017-07-17,26,29.1,12:15,23.5,23:49,5.6
"119",대전,2017-07-18,25.9,31,16:50,23,4:48,8
"119",대전,2017-07-19,28,34.8,15:04,24.5,0:03,10.3
"119",대전,2017-07-20,28.8,34.4,14:42,24.7,2:08,9.7
"119",대전,2017-07-21,29.1,32.6,11:33,26.2,3:49,6.4
"119",대전,2017-07-22,28.7,32.5,15:06,26.7,5:54,5.8
"119",대전,2017-07-23,26.8,29.2,15:32,25.7,10:22,3.5
"119",대전,2017-07-24,25.9,27.7,17:30,24.9,11:58,2.8
"119",대전,2017-07-25,29.4,35.8,16:28,25.3,4:24,10.5
"119",대전,2017-07-26,28.1,32.2,15:18,24.3,5:53,7.9
"119",대전,2017-07-27,27,30.7,14:10,24.4,4:38,6.3
"119",대전,2017-07-28,25.3,27.4,16:29,23.7,6:58,3.7
"119",대전,2017-07-29,27,30.7,15:06,24.8,2:10,5.9
"119",대전,2017-07-30,27.6,32.8,16:14,23.9,5:48,8.9
"119",대전,2017-07-31,24.2,26.6,0:03,23.1,13:08,3.5
"119",대전,2018-07-01,21.9,23.9,1:09,20.8,9:05,3.1
"119",대전,2018-07-02,23,28,14:20,20.4,4:02,7.6
"119",대전,2018-07-03,26.5,33.5,16:05,22.6,4:40,10.9
"119",대전,2018-07-04,26.4,32.3,15:28,22.6,23:44,9.7
"119",대전,2018-07-05,25.7,30.8,12:25,22.4,2:50,8.4
"119",대전,2018-07-06,24.3,27.5,13:40,22.2,5:07,5.3
"119",대전,2018-07-07,24.3,29.6,15:26,20.4,5:36,9.2
"119",대전,2018-07-08,23.3,28.2,16:57,18.5,5:33,9.7
"119",대전,2018-07-09,21.1,23.6,0:01,20.3,14:21,3.3
"119",대전,2018-07-10,24.7,27.9,15:11,20.5,1:04,7.4
"119",대전,2018-07-11,27.2,30.9,13:04,24.2,5:02,6.7
"119",대전,2018-07-12,27.4,31.1,16:50,25,1:25,6.1
"119",대전,2018-07-13,27.3,32.4,14:52,24,2:09,8.4
"119",대전,2018-07-14,27.9,32.8,15:29,23.9,2:05,8.9
"119",대전,2018-07-15,27.9,34,15:24,23.4,3:02,10.6
"119",대전,2018-07-16,27.8,33.7,13:30,22.8,4:17,10.9
"119",대전,2018-07-17,27.2,32.4,12:28,22.3,4:32,10.1
"119",대전,2018-07-18,27.6,33.4,14:32,22.6,4:43,10.8
"119",대전,2018-07-19,27.6,33.4,13:42,22.1,5:04,11.3
"119",대전,2018-07-20,28.5,34,15:06,22.8,5:31,11.2
"119",대전,2018-07-21,29.3,36.7,14:36,23.1,5:34,13.6
"119",대전,2018-07-22,31.1,37.5,15:39,23.9,5:03,13.6
"119",대전,2018-07-23,31.2,36,14:57,28.2,1:41,7.8
"119",대전,2018-07-24,30.6,36.5,14:53,25.6,5:38,10.9
"119",대전,2018-07-25,29.6,33.9,14:44,27.3,23:59,6.6
"119",대전,2018-07-26,29.4,34.2,15:00,25.9,5:05,8.3
"119",대전,2018-07-27,29.8,35.7,14:10,26.4,5:20,9.3
"119",대전,2018-07-28,28.9,34.9,11:51,25.9,3:49,9
"119",대전,2018-07-29,30.9,35.9,15:21,25.3,5:15,10.6
"119",대전,2018-07-30,31.6,36.3,17:32,26.6,6:21,9.7
"119",대전,2018-07-31,31.9,37.5,15:29,27.8,5:32,9.7
"119",대전,2019-07-01,23.2,29,15:39,19.6,5:15,9.4
"119",대전,2019-07-02,23.9,30.2,13:33,19.7,4:57,10.5
"119",대전,2019-07-03,23.9,28.8,13:07,19.9,2:54,8.9
"119",대전,2019-07-04,24.1,31.6,13:42,18.4,2:53,13.2
"119",대전,2019-07-05,26.8,35,15:15,19.3,3:38,15.7
"119",대전,2019-07-06,28.6,35.1,16:44,20.3,5:40,14.8
"119",대전,2019-07-07,27,31.9,14:52,23.6,5:24,8.3
"119",대전,2019-07-08,25.2,30,15:27,21.3,4:58,8.7
"119",대전,2019-07-09,25.3,30.4,13:33,20.6,4:10,9.8
"119",대전,2019-07-10,22.5,26.5,14:06,19.2,21:14,7.3
"119",대전,2019-07-11,22.1,26.8,12:29,19.6,2:07,7.2
"119",대전,2019-07-12,23.8,28.3,12:22,19.7,5:15,8.6
"119",대전,2019-07-13,23.6,28.1,15:17,20.9,7:57,7.2
"119",대전,2019-07-14,25,31.2,14:46,20.6,4:42,10.6
"119",대전,2019-07-15,23.9,27.2,12:41,21.4,2:57,5.8
"119",대전,2019-07-16,25.1,29.5,12:19,21.5,3:20,8
"119",대전,2019-07-17,26.1,30.6,15:56,22,4:56,8.6
"119",대전,2019-07-18,27,32.3,15:33,23.2,6:05,9.1
"119",대전,2019-07-19,28.3,33.8,13:20,22.1,3:37,11.7
"119",대전,2019-07-20,28.4,32.2,15:40,25.6,7:39,6.6
"119",대전,2019-07-21,25.1,28,0:01,23.7,5:48,4.3
"119",대전,2019-07-22,27,31.7,17:19,24.3,1:59,7.4
"119",대전,2019-07-23,28.3,33.8,15:45,24.6,2:16,9.2
"119",대전,2019-07-24,26.5,27.7,17:18,24.7,5:37,3
"119",대전,2019-07-25,26.2,27.3,13:11,25.5,6:12,1.8
"119",대전,2019-07-26,25.8,28.5,16:06,24.7,10:49,3.8
"119",대전,2019-07-27,28.3,33.2,14:09,24.5,5:37,8.7
"119",대전,2019-07-28,26.4,28,0:01,24.8,8:03,3.2
"119",대전,2019-07-29,28,31.2,15:30,25.6,3:00,5.6
"119",대전,2019-07-30,28.7,31.5,13:53,26.6,4:52,4.9
"119",대전,2019-07-31,26.9,28.8,15:34,23.8,10:15,5
"119",대전,2020-07-01,20.8,24.6,14:52,17.5,4:35,7.1
"119",대전,2020-07-02,23.8,29.5,17:21,19,0:51,10.5
"119",대전,2020-07-03,23.8,29,12:28,19.6,3:19,9.4
"119",대전,2020-07-04,22.5,28.2,13:59,18.5,2:47,9.7
"119",대전,2020-07-05,22.6,28.1,15:45,18.1,5:25,10
"119",대전,2020-07-06,24.6,30.5,15:02,20.1,5:13,10.4
"119",대전,2020-07-07,23.3,27.9,15:48,20.7,23:25,7.2
"119",대전,2020-07-08,23.6,29.6,14:42,19.9,3:39,9.7
"119",대전,2020-07-09,27,33,13:47,20,3:22,13
"119",대전,2020-07-10,25.8,29.1,18:16,23.1,23:58,6
"119",대전,2020-07-11,26,30.6,14:24,21,4:31,9.6
"119",대전,2020-07-12,23.2,25.6,12:54,20.8,23:42,4.8
"119",대전,2020-07-13,19,20.8,0:01,18.3,5:34,2.5
"119",대전,2020-07-14,20.8,23.9,14:39,17.6,5:50,6.3
"119",대전,2020-07-15,22.3,27.9,16:41,18.7,4:39,9.2
"119",대전,2020-07-16,23.3,29,14:22,18,5:26,11
"119",대전,2020-07-17,24.4,29.8,13:41,20.4,3:40,9.4
"119",대전,2020-07-18,25.2,30,15:41,20.5,3:56,9.5
"119",대전,2020-07-19,25.1,28.1,16:47,20.5,7:34,7.6
"119",대전,2020-07-20,24,27.8,1:32,22.5,20:48,5.3
"119",대전,2020-07-21,24.7,29.9,13:25,21.5,5:27,8.4
"119",대전,2020-07-22,22.6,23.7,11:53,21.7,22:41,2
"119",대전,2020-07-23,21.6,23.1,9:45,19.7,23:11,3.4
"119",대전,2020-07-24,23.3,27.2,16:03,20.3,0:05,6.9
"119",대전,2020-07-25,25.2,29.4,15:12,22.4,5:25,7
"119",대전,2020-07-26,25,29.2,13:26,22.5,4:39,6.7
"119",대전,2020-07-27,24.6,27.1,16:47,22.6,0:57,4.5
"119",대전,2020-07-28,24.2,25.7,14:04,22.8,3:52,2.9
"119",대전,2020-07-29,24.7,27.8,14:55,23.2,5:01,4.6
"119",대전,2020-07-30,24.8,28.3,14:30,22.6,23:30,5.7
"119",대전,2020-07-31,25.9,30,15:41,22.5,0:10,7.5
"119",대전,2021-07-01,26.2,32.1,15:12,20.4,3:37,11.7
"119",대전,2021-07-02,27.4,31.9,16:04,23.2,1:16,8.7
"119",대전,2021-07-03,23.4,26.8,13:15,20.7,22:32,6.1
"119",대전,2021-07-04,22,24.7,13:46,20.5,19:52,4.2
"119",대전,2021-07-05,23.8,27.4,13:26,20.2,4:47,7.2
"119",대전,2021-07-06,25.2,29.5,15:30,21,5:21,8.5
"119",대전,2021-07-07,25.7,29,16:01,23,4:20,6
"119",대전,2021-07-08,25.3,30.8,14:08,22.4,22:39,8.4
"119",대전,2021-07-09,25.1,29.6,13:59,22.5,5:19,7.1
"119",대전,2021-07-10,26.1,30,13:29,22.4,1:04,7.6
"119",대전,2021-07-11,26.1,29.4,15:12,24,24:00:00,5.4
"119",대전,2021-07-12,27.5,32.9,16:12,23.3,2:12,9.6
"119",대전,2021-07-13,28.8,32.7,13:11,25.2,4:26,7.5
"119",대전,2021-07-14,29.3,33.5,15:17,24.9,3:01,8.6
"119",대전,2021-07-15,28.7,34.5,13:31,25.2,5:37,9.3
"119",대전,2021-07-16,28.2,34.8,14:36,23.5,22:41,11.3
"119",대전,2021-07-17,28.1,32.8,15:04,23.1,5:30,9.7
"119",대전,2021-07-18,28.5,34.3,15:50,23.2,21:21,11.1
"119",대전,2021-07-19,26.8,32.3,14:25,23.8,0:49,8.5
"119",대전,2021-07-20,28.6,32.8,12:56,23.4,3:32,9.4
"119",대전,2021-07-21,30.1,35.7,16:29,24.6,5:16,11.1
"119",대전,2021-07-22,30.4,35.8,16:50,25.9,1:08,9.9
"119",대전,2021-07-23,30.4,35.7,16:17,26.5,5:18,9.2
"119",대전,2021-07-24,30.4,36.3,16:00,25.5,4:54,10.8
"119",대전,2021-07-25,30.9,35.3,16:06,26.2,1:29,9.1
"119",대전,2021-07-26,30.3,35.1,16:28,26.8,5:38,8.3
"119",대전,2021-07-27,30.3,35.7,13:47,26,2:32,9.7
"119",대전,2021-07-28,29.3,34.3,12:31,26,23:19,8.3
"119",대전,2021-07-29,28.4,33.7,13:02,25.1,5:19,8.6
"119",대전,2021-07-30,29.7,35.4,15:14,24.4,5:05,11
"119",대전,2021-07-31,29,33.9,14:28,26.4,1:43,7.5
"119",대전,2022-07-01,27.3,31.4,15:20,23.4,5:18,8
"119",대전,2022-07-02,27.9,33.7,12:52,23.3,3:45,10.4
"119",대전,2022-07-03,28.5,34.3,14:22,22.9,4:51,11.4
"119",대전,2022-07-04,28.7,32.6,12:02,25.2,2:50,7.4
"119",대전,2022-07-05,28.1,32.8,14:58,24.7,3:53,8.1
"119",대전,2022-07-06,29.6,34.5,15:18,25.1,2:17,9.4
"119",대전,2022-07-07,29,32.1,12:42,25.9,4:58,6.2
"119",대전,2022-07-08,26.6,30.2,16:05,24.2,23:59,6
"119",대전,2022-07-09,26.2,31.3,14:47,23.2,5:25,8.1
"119",대전,2022-07-10,28.3,34.8,16:25,23.2,4:32,11.6
"119",대전,2022-07-11,26.6,30.6,17:12,22.4,1:02,8.2
"119",대전,2022-07-12,27.5,30.3,12:25,24.1,4:21,6.2
"119",대전,2022-07-13,24.9,27.9,0:28,23.7,14:27,4.2
"119",대전,2022-07-14,24.9,29,14:47,22.6,23:38,6.4
"119",대전,2022-07-15,25.5,29.9,14:44,21.9,1:11,8
"119",대전,2022-07-16,25.4,29.4,13:55,22.6,3:13,6.8
"119",대전,2022-07-17,25.4,30,15:19,22.1,3:12,7.9
"119",대전,2022-07-18,25.8,28.9,16:13,23.2,1:36,5.7
"119",대전,2022-07-19,26.2,30.4,13:31,22.9,5:09,7.5
"119",대전,2022-07-20,27,31.5,15:49,24.1,4:02,7.4
"119",대전,2022-07-21,23.6,26.2,18:34,21.1,6:23,5.1
"119",대전,2022-07-22,25.3,28.4,15:10,22.8,2:02,5.6
"119",대전,2022-07-23,24.6,28.1,13:38,22.1,2:51,6
"119",대전,2022-07-24,25.6,29.2,16:53,22.8,0:01,6.4
"119",대전,2022-07-25,26.7,31.2,13:24,23.5,4:18,7.7
"119",대전,2022-07-26,28.3,33.8,15:24,23,4:42,10.8
"119",대전,2022-07-27,28,31.6,16:25,24.4,5:20,7.2
"119",대전,2022-07-28,28.7,33.7,14:41,24.9,5:25,8.8
"119",대전,2022-07-29,30.6,35,15:38,25.8,0:11,9.2
"119",대전,2022-07-30,31.1,35.2,15:06,27.4,5:40,7.8
"119",대전,2022-07-31,27.5,29.7,0:02,25.4,21:50,4.3
"119",대전,2023-07-01,26.1,31.2,15:58,21.2,4:35,10
"119",대전,2023-07-02,25.3,30.5,17:32,21.2,5:35,9.3
"119",대전,2023-07-03,27.7,34,16:28,22.1,4:01,11.9
"119",대전,2023-07-04,25,28.3,11:11,23.6,4:31,4.7
"119",대전,2023-07-05,23.6,26.6,15:56,21.6,7:10,5
"119",대전,2023-07-06,26.3,31.7,13:39,21.1,3:00,10.6
"119",대전,2023-07-07,25,30.6,12:09,22.1,21:21,8.5
"119",대전,2023-07-08,24.5,29.5,15:24,20.5,1:59,9
"119",대전,2023-07-09,25,28.4,11:40,21.8,13:15,6.6
"119",대전,2023-07-10,26.3,30.9,15:57,22.3,6:33,8.6
"119",대전,2023-07-11,23.7,25.7,12:58,21.9,9:12,3.8
"119",대전,2023-07-12,25.9,29.8,13:59,23.2,0:01,6.6
"119",대전,2023-07-13,24.8,25.9,9:37,24,11:07,1.9
"119",대전,2023-07-14,24.4,25.1,11:00,23.9,0:38,1.2
"119",대전,2023-07-15,24.1,25.8,16:41,23.1,22:21,2.7
"119",대전,2023-07-16,24.3,26.4,16:13,22.8,3:34,3.6
"119",대전,2023-07-17,24.8,27.5,12:27,23.1,3:05,4.4
"119",대전,2023-07-18,24,26.4,17:49,22.3,23:46,4.1
"119",대전,2023-07-19,25.7,31.4,14:50,20.9,4:41,10.5
"119",대전,2023-07-20,26.1,31.7,14:13,21.5,5:15,10.2
"119",대전,2023-07-21,28.1,34.2,16:25,21.4,4:49,12.8
"119",대전,2023-07-22,26.1,31.6,13:17,23.4,20:58,8.2
"119",대전,2023-07-23,24.5,25.1,4:19,23.8,6:50,1.3
"119",대전,2023-07-24,26.1,29.9,15:08,23.6,4:59,6.3
"119",대전,2023-07-25,26.8,30.1,16:10,24.4,4:43,5.7